CREATE DATABASE  IF NOT EXISTS `bp4ydb` /*!40100 DEFAULT CHARACTER SET utf8mb4 */;
USE `bp4ydb`;
-- MySQL dump 10.13  Distrib 8.0.22, for Win64 (x86_64)
--
-- Host: localhost    Database: bp4ydb
-- ------------------------------------------------------
-- Server version	5.5.5-10.5.8-MariaDB-1:10.5.8+maria~focal

/*!40101 SET @OLD_CHARACTER_SET_CLIENT=@@CHARACTER_SET_CLIENT */;
/*!40101 SET @OLD_CHARACTER_SET_RESULTS=@@CHARACTER_SET_RESULTS */;
/*!40101 SET @OLD_COLLATION_CONNECTION=@@COLLATION_CONNECTION */;
/*!50503 SET NAMES utf8 */;
/*!40103 SET @OLD_TIME_ZONE=@@TIME_ZONE */;
/*!40103 SET TIME_ZONE='+00:00' */;
/*!40014 SET @OLD_UNIQUE_CHECKS=@@UNIQUE_CHECKS, UNIQUE_CHECKS=0 */;
/*!40014 SET @OLD_FOREIGN_KEY_CHECKS=@@FOREIGN_KEY_CHECKS, FOREIGN_KEY_CHECKS=0 */;
/*!40101 SET @OLD_SQL_MODE=@@SQL_MODE, SQL_MODE='NO_AUTO_VALUE_ON_ZERO' */;
/*!40111 SET @OLD_SQL_NOTES=@@SQL_NOTES, SQL_NOTES=0 */;

--
-- Table structure for table `NEGOZI`
--

DROP TABLE IF EXISTS `NEGOZI`;
/*!40101 SET @saved_cs_client     = @@character_set_client */;
/*!50503 SET character_set_client = utf8mb4 */;
CREATE TABLE `NEGOZI` (
  `idNegozio` int(11) NOT NULL AUTO_INCREMENT,
  `nomeNegozio` varchar(60) NOT NULL,
  `percorsoImmagineLogoNegozio` text NOT NULL,
  PRIMARY KEY (`idNegozio`),
  UNIQUE KEY `nomeNegozio_UNIQUE` (`nomeNegozio`)
) ENGINE=InnoDB AUTO_INCREMENT=5 DEFAULT CHARSET=utf8mb4;
/*!40101 SET character_set_client = @saved_cs_client */;

--
-- Dumping data for table `NEGOZI`
--

LOCK TABLES `NEGOZI` WRITE;
/*!40000 ALTER TABLE `NEGOZI` DISABLE KEYS */;
INSERT INTO `NEGOZI` VALUES (1,'Amazon','assets/shops-logos/amazon-logo.svg'),(2,'Euronics','assets/shops-logos/euronics-logo.svg'),(3,'Mobzilla','assets/shops-logos/mobzilla-logo.png'),(4,'Unieuro','assets/shops-logos/unieuro-logo.png');
/*!40000 ALTER TABLE `NEGOZI` ENABLE KEYS */;
UNLOCK TABLES;

--
-- Table structure for table `PREZZI_SMARTPHONES_NEGOZI`
--

DROP TABLE IF EXISTS `PREZZI_SMARTPHONES_NEGOZI`;
/*!40101 SET @saved_cs_client     = @@character_set_client */;
/*!50503 SET character_set_client = utf8mb4 */;
CREATE TABLE `PREZZI_SMARTPHONES_NEGOZI` (
  `idSmartphone` int(11) NOT NULL,
  `idNegozio` int(11) NOT NULL,
  `urlPaginaProdotto` text NOT NULL,
  `prezzo` decimal(7,2) NOT NULL,
  PRIMARY KEY (`idSmartphone`,`idNegozio`),
  KEY `idNegoziox_idx` (`idNegozio`),
  CONSTRAINT `idNegozio` FOREIGN KEY (`idNegozio`) REFERENCES `NEGOZI` (`idNegozio`) ON DELETE NO ACTION ON UPDATE NO ACTION,
  CONSTRAINT `idSmartphone` FOREIGN KEY (`idSmartphone`) REFERENCES `SMARTPHONES` (`idSmartphone`) ON DELETE NO ACTION ON UPDATE NO ACTION
) ENGINE=InnoDB DEFAULT CHARSET=utf8mb4;
/*!40101 SET character_set_client = @saved_cs_client */;

--
-- Dumping data for table `PREZZI_SMARTPHONES_NEGOZI`
--

LOCK TABLES `PREZZI_SMARTPHONES_NEGOZI` WRITE;
/*!40000 ALTER TABLE `PREZZI_SMARTPHONES_NEGOZI` DISABLE KEYS */;
INSERT INTO `PREZZI_SMARTPHONES_NEGOZI` VALUES (1,1,'https://www.amazon.it/TCL-Dotch-Mariana-Versione-Italiana/dp/B086Q7PK75/ref=sr_1_1?__mk_it_IT=%C3%85M%C3%85%C5%BD%C3%95%C3%91&dchild=1&keywords=TCL+10L&qid=1605454118&sr=8-1',161.00),(4,1,'https://www.amazon.it/Xiaomi-Poco-F2-Pro-Smartphone/dp/B088HGT9GR/ref=sr_1_1?__mk_it_IT=%C3%85M%C3%85%C5%BD%C3%95%C3%91&dchild=1&keywords=Poco+F2+Pro&qid=1605454592&sr=8-1',393.00),(5,1,'https://www.amazon.it/Xiaomi-Poco-X3-NFC-Smartphone/dp/B08H5J2JWH/ref=sr_1_2?__mk_it_IT=%C3%85M%C3%85%C5%BD%C3%95%C3%91&dchild=1&keywords=Poco+x3&qid=1605454676&quartzVehicle=16-181&replacementKeywords=poco&sr=8-2',219.00),(6,1,'https://www.amazon.it/Xiaomi-Smartphone-Snapdragon-Quad-Camera-ufficiale/dp/B08B9C149J/ref=sr_1_1?__mk_it_IT=%C3%85M%C3%85%C5%BD%C3%95%C3%91&dchild=1&keywords=Poco+x3&qid=1605454676&quartzVehicle=16-181&replacementKeywords=poco&sr=8-1',270.00),(7,1,'https://www.amazon.it/Motorola-moto-g9-batteria-Snapdragon/dp/B08HZ1BVKL/ref=sr_1_1?__mk_it_IT=%C3%85M%C3%85%C5%BD%C3%95%C3%91&dchild=1&keywords=Motorola+Moto+G9+Plus&qid=1605289549&sr=8-1',210.00),(7,2,'https://www.euronics.it/smartphone/motorola/moto-g9-plus/eProd202009708/',199.00),(8,1,'https://www.amazon.it/Motorola-5G-flessibile-fotocamera-Snapdragon/dp/B07KVVWBK1/ref=sr_1_2?__mk_it_IT=%C3%85M%C3%85%C5%BD%C3%95%C3%91&dchild=1&keywords=Razr+5G&qid=1605289724&sr=8-2',1407.00),(8,2,'https://www.euronics.it/smartphone/motorola/razr-5g/eProd202007998/',1599.00),(8,4,'https://www.unieuro.it/online/Smartphone/Motorola-Razr-5G-pidMOTRAZR5G',1407.00),(9,1,'https://www.amazon.it/Motorola-Plus-Surfing-Blue-64gb/dp/B07KVWXXDP/ref=sr_1_1?__mk_it_IT=%C3%85M%C3%85%C5%BD%C3%95%C3%91&dchild=1&keywords=Moto+G+5G+Plus&qid=1605289821&quartzVehicle=1526-627&replacementKeywords=moto+5g+plus&sr=8-1',238.00),(9,4,'https://www.unieuro.it/online/Smartphone/5G-Plus-pidTIMMOTOG5Gp',399.00),(10,1,'https://www.amazon.it/Motorola-Moto-5G-Plus-Smartphone/dp/B08CNHSGPV/ref=sr_1_1?__mk_it_IT=%C3%85M%C3%85%C5%BD%C3%95%C3%91&dchild=1&keywords=Moto+G+5G+Plus+128&qid=1605289901&quartzVehicle=1526-627&replacementKeywords=moto+5g+plus+128&sr=8-1',460.00),(11,1,'https://www.amazon.it/Motorola-Mystic-Indigo-128gb-Dual/dp/B07KVVJ3DR/ref=sr_1_1?__mk_it_IT=%C3%85M%C3%85%C5%BD%C3%95%C3%91&dchild=1&keywords=Moto+G+Pro&qid=1605289947&quartzVehicle=1526-627&replacementKeywords=moto+pro&sr=8-1',199.00),(12,1,'https://www.amazon.it/Smartphone-Motorola-Solar-Black-128gb/dp/B07KVWD6MB/ref=sr_1_5?__mk_it_IT=%C3%85M%C3%85%C5%BD%C3%95%C3%91&dchild=1&keywords=Edge+motorola&qid=1605290007&quartzVehicle=36-1661&replacementKeywords=motorola&sr=8-5',399.00),(12,2,'https://www.euronics.it/smartphone/motorola/edge/eProd202004161/',599.00),(12,4,'https://www.unieuro.it/online/Smartphone/Edge-pidMOTEDGE',399.00),(13,1,'https://www.amazon.it/Motorola-Edge-Plus-Snapdragon-Octa-Core/dp/B0882BNLTK/ref=sr_1_1?__mk_it_IT=%C3%85M%C3%85%C5%BD%C3%95%C3%91&dchild=1&keywords=Edge+plus+motorola&qid=1605290160&quartzVehicle=36-1661&replacementKeywords=plus+motorola&sr=8-1',999.00),(13,2,'https://www.euronics.it/smartphone/motorola/edge/eProd202004162/',999.00),(13,4,'https://www.unieuro.it/online/Smartphone/Edge-Plus-pidMOTEDGEPLUS',999.00),(14,1,'https://www.amazon.it/Nuovo-Apple-iPhone-SE-64GB/dp/B0876168Z5/ref=sr_1_1_sspa?__mk_it_IT=%C3%85M%C3%85%C5%BD%C3%95%C3%91&dchild=1&keywords=iPhone+SE&qid=1605290240&quartzVehicle=907-1786&replacementKeywords=iphone&sr=8-1-spons&psc=1&spLa=ZW5jcnlwdGVkUXVhbGlmaWVyPUEyWUREMzBMMjJFN0tXJmVuY3J5cHRlZElkPUEwMDkwOTY1MTBZTUIwV1VMNE9GSiZlbmNyeXB0ZWRBZElkPUEwODI3OTExMVgzWU1OTTgwQjlWVyZ3aWRnZXROYW1lPXNwX2F0ZiZhY3Rpb249Y2xpY2tSZWRpcmVjdCZkb05vdExvZ0NsaWNrPXRydWU=',428.00),(14,4,'https://www.unieuro.it/online/iPhone/iPhone-SE-seconda-gen--64GB-Nero-pidAPLIPHONESE64',429.00),(15,1,'https://www.amazon.it/Apple-iPhone-SE-128GB-nero/dp/B08L6YWM4B/ref=sr_1_6?__mk_it_IT=%C3%85M%C3%85%C5%BD%C3%95%C3%91&dchild=1&keywords=iPhone+SE&qid=1605290240&quartzVehicle=907-1786&replacementKeywords=iphone&sr=8-6',550.00),(15,4,'https://www.unieuro.it/online/iPhone/iPhone-SE-seconda-gen--128GB-Nero-pidAPLIPHONESE128',529.00),(16,1,'https://www.amazon.it/Apple-iPhone-SE-128GB-nero/dp/B08L6Y1QJZ/ref=sr_1_6?__mk_it_IT=%C3%85M%C3%85%C5%BD%C3%95%C3%91&dchild=1&keywords=iPhone%2BSE&qid=1605290240&quartzVehicle=907-1786&replacementKeywords=iphone&sr=8-6&th=1',671.00),(16,4,'https://www.unieuro.it/online/iPhone/iPhone-XR-64GB-Blu-pidAPLIPHONEXR64B',579.00),(17,1,'https://www.amazon.it/Apple-iPhone-XR-128GB-nero/dp/B08L71C8RL/ref=sr_1_11?__mk_it_IT=%C3%85M%C3%85%C5%BD%C3%95%C3%91&dchild=1&keywords=iPhone%2Bxr&qid=1605291319&sr=8-11&th=1',619.00),(17,2,'https://www.euronics.it/smartphone/apple/iphone-xr-64gb/eProd182023891/',679.00),(17,4,'https://www.unieuro.it/online/iPhone/iPhone-XR-128GB-Bianco-pidAPLIPHONEXR128W',668.00),(18,1,'https://www.amazon.it/Apple-iPhone-XR-128GB-nero/dp/B08L6YKG6X/ref=sr_1_11?__mk_it_IT=%C3%85M%C3%85%C5%BD%C3%95%C3%91&dchild=1&keywords=iPhone+xr&qid=1605291319&sr=8-11',669.00),(18,2,'https://www.euronics.it/smartphone/apple/iphone-xr-128gb/eProd182023902/',699.00),(18,4,'https://www.unieuro.it/online/iPhone/iPhone-XR-256GB-Nero-pidTIMIPHONEXR256',899.00),(19,2,'https://www.euronics.it/smartphone/apple/iphone-xr-256gb/eProd182023906//',909.00),(20,1,'https://www.amazon.it/Apple-iPhone-11-64GB-Bianco/dp/B07XS47PVF/ref=sr_1_5?__mk_it_IT=%C3%85M%C3%85%C5%BD%C3%95%C3%91&dchild=1&keywords=iPhone+11&qid=1605292168&sr=8-5',629.00),(20,2,'https://www.euronics.it/smartphone/apple/iphone-11-64gb/eProd192011186/',689.00),(20,4,'https://www.unieuro.it/online/iPhone/iPhone-11-64GB-Nero-pidAPLIPHONE1164',629.00),(21,1,'https://www.amazon.it/Apple-iPhone-11-64GB-Bianco/dp/B07XS4MGQL/ref=sr_1_5?__mk_it_IT=%C3%85M%C3%85%C5%BD%C3%95%C3%91&dchild=1&keywords=iPhone%2B11&qid=1605292168&sr=8-5&th=1',749.00),(21,2,'https://www.euronics.it/smartphone/apple/iphone-11-128gb/eProd192011192/',749.00),(21,4,'https://www.unieuro.it/online/iPhone/iPhone-11-128GB-Nero-pidAPLIPHONE11128',749.00),(22,1,'https://www.amazon.it/Apple-iPhone-11-256GB-Nero/dp/B07XS47XG8/ref=sr_1_1?__mk_it_IT=%C3%85M%C3%85%C5%BD%C3%95%C3%91&dchild=1&keywords=iPhone+11+256&qid=1605292862&sr=8-1',839.00),(23,1,'https://www.amazon.it/Novit%C3%A0-Apple-iPhone-mini-64GB/dp/B08L5RTNY1/ref=sr_1_1_sspa?__mk_it_IT=%C3%85M%C3%85%C5%BD%C3%95%C3%91&dchild=1&keywords=iPhone+12+mini&qid=1605293392&sr=8-1-spons&psc=1&spLa=ZW5jcnlwdGVkUXVhbGlmaWVyPUEyQ1hETFBPUFlYTEI3JmVuY3J5cHRlZElkPUEwOTU5Mzk1MlAxVVNVMjBUMTQ3UiZlbmNyeXB0ZWRBZElkPUEwMjU5MDg3M0NZVktVSklLTjJTMCZ3aWRnZXROYW1lPXNwX2F0ZiZhY3Rpb249Y2xpY2tSZWRpcmVjdCZkb05vdExvZ0NsaWNrPXRydWU=',839.00),(23,2,'https://www.euronics.it/smartphone/apple/iphone-12-mini-64gb/eProd202010425/',839.00),(23,4,'https://www.unieuro.it/online/iPhone/iPhone-12-mini-64GB---Nero-pidAPLIPHONE12MINI64',839.00),(24,1,'https://www.amazon.it/Novit%C3%A0-Apple-iPhone-mini-256GB/dp/B08L5S9ZP8/ref=sr_1_5?__mk_it_IT=%C3%85M%C3%85%C5%BD%C3%95%C3%91&dchild=1&keywords=iPhone%2B12%2Bmini&qid=1605293392&sr=8-5&th=1',889.00),(24,2,'https://www.euronics.it/smartphone/apple/iphone-12-mini-128gb/eProd202010420/',889.00),(24,4,'https://www.unieuro.it/online/iPhone/iPhone-12-mini-128GB---Nero-pidAPLIPHONE12MINI128',889.00),(25,1,'https://www.amazon.it/Novit%C3%A0-Apple-iPhone-mini-256GB/dp/B08L5QQFRH/ref=sr_1_5?__mk_it_IT=%C3%85M%C3%85%C5%BD%C3%95%C3%91&dchild=1&keywords=iPhone+12+mini&qid=1605293392&sr=8-5',1009.00),(25,2,'https://www.euronics.it/smartphone/apple/iphone-12-mini-256gb/eProd202010415/',1009.00),(25,4,'https://www.unieuro.it/online/iPhone/iPhone-12-mini-256GB---Nero-pidAPLIPHONE12MINI256',1009.00),(26,1,'https://www.amazon.it/Novit%C3%A0-Apple-iPhone-12-64GB/dp/B08L5P1PZ7/ref=sr_1_1?__mk_it_IT=%C3%85M%C3%85%C5%BD%C3%95%C3%91&dchild=1&keywords=iPhone%2B12%2B64&qid=1605454801&quartzVehicle=93-1170&replacementKeywords=iphone%2B64&sr=8-1&th=1',925.00),(26,2,'https://www.euronics.it/smartphone/apple/iphone-12-64gb/eProd202010410/',939.00),(26,4,'https://www.unieuro.it/online/iPhone/iPhone-12-64GB---Blu-pidAPLIPHONE1264B',939.00),(27,1,'https://www.amazon.it/Novit%C3%A0-Apple-iPhone-12-64GB/dp/B08L5SVNZB/ref=sr_1_1?__mk_it_IT=%C3%85M%C3%85%C5%BD%C3%95%C3%91&dchild=1&keywords=iPhone%2B12%2B64&qid=1605454801&quartzVehicle=93-1170&replacementKeywords=iphone%2B64&sr=8-1&th=1',989.00),(27,2,'https://www.euronics.it/smartphone/apple/iphone-12-128gb/eProd202010405/',989.00),(27,4,'https://www.unieuro.it/online/iPhone/iPhone-12-128GB---Blu-pidAPLIPHONE12128B',989.00),(28,1,'https://www.amazon.it/Novit%C3%A0-Apple-iPhone-12-64GB/dp/B08L5Q5CMZ/ref=sr_1_1?__mk_it_IT=%C3%85M%C3%85%C5%BD%C3%95%C3%91&dchild=1&keywords=iPhone%2B12%2B64&qid=1605454801&quartzVehicle=93-1170&replacementKeywords=iphone%2B64&sr=8-1&th=1',1109.00),(28,2,'https://www.euronics.it/smartphone/apple/iphone-12-256gb/eProd202010400/',1109.00),(28,4,'https://www.unieuro.it/online/iPhone/iPhone-12-256GB---Nero-pidAPLIPHONE12256',1109.00),(29,1,'https://www.amazon.it/Novit%C3%A0-Apple-iPhone-Pro-128GB/dp/B08L5SBHBB/ref=sr_1_1?__mk_it_IT=%C3%85M%C3%85%C5%BD%C3%95%C3%91&dchild=1&keywords=iPhone+12+Pro+128&qid=1605455242&quartzVehicle=93-1170&replacementKeywords=iphone+pro+128&sr=8-1',1189.00),(29,2,'https://www.euronics.it/smartphone/apple/iphone-12-pro-128gb/eProd202010393/',1189.00),(29,4,'https://www.unieuro.it/online/iPhone/iPhone-12-Pro-128GB---Grafite-pidAPLIPHONE12PRO128',1189.00),(30,1,'https://www.amazon.it/Novit%C3%A0-Apple-iPhone-Pro-256GB/dp/B08L5QZPLS/ref=sr_1_1?__mk_it_IT=%C3%85M%C3%85%C5%BD%C3%95%C3%91&dchild=1&keywords=iPhone%2B12%2BPro%2B256&qid=1605455295&quartzVehicle=93-1170&replacementKeywords=iphone%2Bpro%2B256&sr=8-1&th=1',1309.00),(30,2,'https://www.euronics.it/smartphone/apple/iphone-12-pro-256gb/eProd202010392/',1309.00),(30,4,'https://www.unieuro.it/online/iPhone/iPhone-12-Pro-256GB---Grafite-pidAPLIPHONE12PRO256',1309.00),(31,1,'https://www.amazon.it/Novit%C3%A0-Apple-iPhone-Pro-256GB/dp/B08L5T18V8/ref=sr_1_1?__mk_it_IT=%C3%85M%C3%85%C5%BD%C3%95%C3%91&dchild=1&keywords=iPhone%2B12%2BPro%2Bmax%2B256&qid=1605455377&quartzVehicle=93-1170&replacementKeywords=iphone%2Bpro%2Bmax%2B256&sr=8-1&th=1',1289.00),(31,2,'https://www.euronics.it/smartphone/apple/iphone-12-pro-max-128gb/eProd202010384/',1289.00),(31,4,'https://www.unieuro.it/online/iPhone/iPhone-12-Pro-Max-128GB---Grafite-pidAPLIPHONE12PMAX128',1289.00),(32,1,'https://www.amazon.it/Novit%C3%A0-Apple-iPhone-Pro-256GB/dp/B08L5QZPLS/ref=sr_1_1?__mk_it_IT=%C3%85M%C3%85%C5%BD%C3%95%C3%91&dchild=1&keywords=iPhone%2B12%2BPro%2B256&qid=1605455295&quartzVehicle=93-1170&replacementKeywords=iphone%2Bpro%2B256&sr=8-1&th=1',1409.00),(32,2,'https://www.euronics.it/smartphone/apple/iphone-12-pro-max-256gb/eProd202010380/',1409.00),(32,4,'https://www.unieuro.it/online/iPhone/iPhone-12-Pro-Max-256GB---Grafite-pidAPLIPHONE12PMAX256',1409.00),(33,1,'https://www.amazon.it/s?k=sony+xperia+1+2&__mk_it_IT=%C3%85M%C3%85%C5%BD%C3%95%C3%91&crid=1S3CFTAHW9KWC&sprefix=sony+xperia+1+%2Caps%2C194&ref=nb_sb_ss_ts-a-p_8_14',774.21),(35,4,'https://www.unieuro.it/online/Smartphone/ZenFone-7-ZS670KS-2A014EU-16-9-cm-6-67-6-GB-128-GB-Dual-SIM-5G-USB-Type-C-Black-Android-10-0-5000-mAh-pidASUZENFONE7',699.00),(37,1,'https://www.amazon.it/ASUS-Phone-Doppia-Tipo-C-Android/dp/B08F5GGZKS/ref=sr_1_2?__mk_it_IT=%C3%85M%C3%85%C5%BD%C3%95%C3%91&crid=1ARLNXRWD6Z7A&dchild=1&keywords=rog+phone+3&qid=1605455311&sprefix=rog+phone%2Camazon-devices%2C198&sr=8-2',789.00),(37,4,'https://www.unieuro.it/online/Smartphone/ROG-Phone-3-Strix-pidASUROGPHONE3STRYX',699.00),(38,4,'https://www.unieuro.it/online/Smartphone/ROG-Phone-3-pidASUROGPHONE3',799.00),(39,4,'https://www.unieuro.it/online/Smartphone/ROG-Phone-3-pidASUROGPHONE316GB',1099.00),(40,4,'https://www.unieuro.it/online/Smartphone/7-pidRMEME78GBS',245.00),(41,1,'https://www.amazon.it/realme-1-MIST-BLUE-64GB/dp/B08JZDF9LK/ref=sr_1_1?__mk_it_IT=%C3%85M%C3%85%C5%BD%C3%95%C3%91&dchild=1&keywords=realme+7&qid=1605458709&quartzVehicle=93-1184&replacementKeywords=realme&sr=8-1',200.00),(41,4,'https://www.unieuro.it/online/Smartphone/7-pidRMEME7S',199.00),(42,1,'https://www.amazon.it/realme-5988105-MIST-BLUE-64GB/dp/B08K2W28C5/ref=sr_1_2?__mk_it_IT=%C3%85M%C3%85%C5%BD%C3%95%C3%91&dchild=1&keywords=realme+7&qid=1605458957&quartzVehicle=93-1184&replacementKeywords=realme&sr=8-2',179.00),(43,1,'https://www.amazon.it/realme-Display-Super-AMOLED-Processore/dp/B08JQHNDLX/ref=sr_1_1?__mk_it_IT=%C3%85M%C3%85%C5%BD%C3%95%C3%91&dchild=1&keywords=realme+7+pro&qid=1605459972&quartzVehicle=93-1184&replacementKeywords=realme+pro&sr=8-1',295.00),(43,4,'https://www.unieuro.it/online/Smartphone/7-Pro-pidRMEME7PRO',319.00),(47,1,'https://www.amazon.it/Xiaomi-10T-Lite-Smartphone-DotDisplay/dp/B08B9B6729/ref=sr_1_1?__mk_it_IT=%C3%85M%C3%85%C5%BD%C3%95%C3%91&dchild=1&keywords=xiaomi%2Bmi%2B10t%2Blite&qid=1605464269&sr=8-1&th=1',249.00),(47,3,'https://www.mobzilla.it/xiaomi-mi-10t-lite-5g-64-gb-6gb-ram-dual-sim-grey-europa.html',234.00),(48,1,'https://www.amazon.it/Xiaomi-10T-Lite-Smartphone-DotDisplay/dp/B08HNZ73JH/ref=sr_1_1?__mk_it_IT=%C3%85M%C3%85%C5%BD%C3%95%C3%91&dchild=1&keywords=xiaomi%2Bmi%2B10t%2Blite&qid=1605464269&sr=8-1&th=1',320.00),(48,2,'https://www.euronics.it/smartphone/xiaomi/mi-10t-lite-5g-6128/eProd202009706/',349.00),(48,3,'https://www.mobzilla.it/xiaomi-mi-10t-lite-5g-128-gb-6gb-ram-dual-sim-blue-italia.html',275.00),(48,4,'https://www.unieuro.it/online/Smartphone/10T-Lite-pidXIAMI10TLITE5G6128',329.00),(49,1,'https://www.amazon.it/Xiaomi-Mi-10T-Smartphone-Snapdragon/dp/B08KTD4JDC/ref=sr_1_3?__mk_it_IT=%C3%85M%C3%85%C5%BD%C3%95%C3%91&dchild=1&keywords=xiaomi+mi+10t&qid=1605465060&sr=8-3',499.00),(49,3,'https://www.mobzilla.it/xiaomi-mi-10t-5g-128-gb-6gb-ram-dual-sim-silver-europa.html',385.00),(49,4,'https://www.unieuro.it/online/Smartphone/10T-pidXIAMI10T6128S',488.00),(50,1,'https://www.amazon.it/Xiaomi-Mi-10T-Smartphone-Snapdragon/dp/B08KTCHGXL/ref=sr_1_3?__mk_it_IT=%C3%85M%C3%85%C5%BD%C3%95%C3%91&dchild=1&keywords=xiaomi%2Bmi%2B10t&qid=1605465060&sr=8-3&th=1',525.00),(53,1,'https://www.amazon.it/Redmi-Note-Smartphone-3GB-64GB/dp/B08862918D/ref=sr_1_1?__mk_it_IT=%C3%85M%C3%85%C5%BD%C3%95%C3%91&dchild=1&keywords=redmi+note+9&qid=1605474369&sr=8-1',164.00),(53,2,'https://www.euronics.it/smartphone/xiaomi/redmi-note-9s-64gb/eProd202004385/',199.00),(53,3,'https://www.mobzilla.it/eu-xiaomi-redmi-note-9-64-3ram-dual-grey.html',145.00),(54,1,'https://www.amazon.it/Xiaomi-Smartphone-Camera-Telefono-cellulare/dp/B088658B5C/ref=sr_1_3?__mk_it_IT=%C3%85M%C3%85%C5%BD%C3%95%C3%91&dchild=1&keywords=redmi+note+9&qid=1605474511&sr=8-3',217.00),(54,2,'https://www.euronics.it/smartphone/xiaomi/redmi-note-9-4128-gb/eProd202012080/',189.00),(54,3,'https://www.mobzilla.it/eu-xiaomi-redmi-note-9-128-4ram-dual-green.html',165.00),(54,4,'https://www.unieuro.it/online/Smartphone/Note-9-pidXIANOTE94128',179.00),(55,1,'https://www.amazon.it/Xiaomi-Redmi-Note-Pro-Smartphone/dp/B087YRWKVF/ref=sr_1_1?__mk_it_IT=%C3%85M%C3%85%C5%BD%C3%95%C3%91&dchild=1&keywords=redmi+note+9+pro&qid=1605475238&sr=8-1',204.00),(55,3,'https://www.mobzilla.it/xiaomi-redmi-note-9-pro-64-gb-6gb-ram-dual-sim-grey-europa.html',195.00),(56,1,'https://www.amazon.it/Xiaomi-Redmi-Note-Pro-Smartphone/dp/B0888QNM2S/ref=sr_1_4?__mk_it_IT=%C3%85M%C3%85%C5%BD%C3%95%C3%91&dchild=1&keywords=redmi+note+9+pro&qid=1605475417&sr=8-4',229.00),(56,2,'https://www.euronics.it/smartphone/xiaomi/redmi-note-9-pro-128gb/eProd202004379/',239.00),(56,3,'https://www.mobzilla.it/eu-xiaomi-redmi-note-9-pro-128-6ram-dual-grey.html',225.00),(56,4,'https://www.unieuro.it/online/Smartphone/Note-9-Pro-pidXIANOTE9PRO6128W',268.00),(57,1,'https://www.amazon.it/dp/B08HDL7FW1/',506.00),(57,2,'https://www.euronics.it/smartphone/samsung/galaxy-s20-fe/eProd202009506/',670.00),(57,3,'https://www.mobzilla.it/samsung-galaxy-s20-fe-g780-lte-128gb-dual-sim-mint-europa.html',489.00),(57,4,'https://www.unieuro.it/online/Smartphone/Galaxy-S20-FE-Display-6-5-Super-AMOLED-3-fotocamere-posteriori-128-GB-Espandibili-RAM-6GB-Batteria-4500mAh-Hybrid-SIM-Navy-pidSAMG780',579.90),(58,2,'https://www.euronics.it/smartphone/samsung/galaxy-s20/eProd202001680/',699.00),(58,3,'https://www.mobzilla.it/samsung-galaxy-s20-g980f-4g-128gb-ram8-dual-grey-eu.html',625.00),(58,4,'https://www.unieuro.it/online/Smartphone/Galaxy-S20-Grey-6-2-Wi-Fi-6-802-11ax-LTE-128GB-pidSAMG980G',649.00),(59,1,'https://www.amazon.it/Samsung-Smartphone-Fotocamere-Posteriori-Espandibili/dp/B084LFG1DW/ref=sr_1_1?__mk_it_IT=%C3%85M%C3%85%C5%BD%C3%95%C3%91&dchild=1&keywords=s20%2B&qid=1605816538&sr=8-1',677.00),(59,2,'https://www.euronics.it/smartphone/samsung/galaxy-s20/eProd202001684/',699.00),(59,3,'https://www.mobzilla.it/samsung-galaxy-s20-g985f-lte-4g-128gb-8gb-ram-dual-sim-grey-italia.html',635.00),(59,4,'https://www.unieuro.it/online/Smartphone/Galaxy-S20-Black-6-7-Wi-Fi-6-802-11ax-LTE-128GB-pidSAMG985',779.00),(60,1,'https://www.amazon.it/Samsung-Galaxy-S20-Ultra-5G/dp/B084GQCNJH/ref=sr_1_3?__mk_it_IT=%C3%85M%C3%85%C5%BD%C3%95%C3%91&dchild=1&keywords=s20+ultra&qid=1605816561&sr=8-3',1079.00),(60,2,'https://www.euronics.it/smartphone/samsung/galaxy-s20-ultra-5g/eProd202001682/',1379.00),(60,3,'https://www.mobzilla.it/samsung-galaxy-s20-ultra-g988-5g-128-12gb-ram-dual-black-eu.html',945.00),(60,4,'https://www.unieuro.it/online/Smartphone/Galaxy-S20-Ultra-5G-Grey-6-9-Wi-Fi-6-802-11ax-5G-128GB-pidSAMG988G',895.00),(61,2,'https://www.euronics.it/smartphone/samsung/galaxy-note20/eProd202007629/',979.00),(61,3,'https://www.mobzilla.it/samsung-galaxy-note-20-n980-lte-dual-sim-256gb-grey-europa.html',649.00),(61,4,'https://www.unieuro.it/online/Smartphone/SM-N980F-pidSAMN980',675.00),(62,2,'https://www.euronics.it/smartphone/samsung/galaxy-note20-5g/eProd202007634/',1080.00),(62,3,'https://www.mobzilla.it/samsung-galaxy-note-20-n981-5g-dual-sim-256gb-green-europa.html',759.00),(62,4,'https://www.unieuro.it/online/Smartphone/Galaxy-Note20-5G-Mystic-Gray-pidSAMN981',994.00),(63,1,'https://www.amazon.it/Smartphone-Fotocamere-Espandibili-Batteria-Versione/dp/B08DRSWV9X/ref=sr_1_1?__mk_it_IT=%C3%85M%C3%85%C5%BD%C3%95%C3%91&dchild=1&keywords=note+20&qid=1605816645&sr=8-1',1139.00),(63,2,'https://www.euronics.it/smartphone/samsung/galaxy-note20-ultra-5g/eProd202007636/',1329.00),(63,3,'https://www.mobzilla.it/samsung-galaxy-note-20-ultra-n986-5g-dual-sim-256gb-black-europa.html',909.00),(63,4,'https://www.unieuro.it/online/Smartphone/Galaxy-Note20-Ultra-5G-Mystic-Black-pidSAMN986',1139.00),(66,1,'https://www.amazon.it/Samsung-Smartphone-Batteria-Versione-Italiana/dp/B07VS339NZ/ref=sr_1_3?__mk_it_IT=%C3%85M%C3%85%C5%BD%C3%95%C3%91&dchild=1&keywords=note+10&qid=1605816670&quartzVehicle=80-1004&replacementKeywords=10&sr=8-3',709.00),(66,2,'https://www.euronics.it/smartphone/samsung/galaxy-note-10/eProd192009453/',699.00),(66,3,'https://www.mobzilla.it/samsung-galaxy-note-10-n970-dual-sim-256gb-glow-europa.html',579.00),(66,4,'https://www.unieuro.it/online/Smartphone/Galaxy-Note10-Black-6-3-Wi-Fi-6-802-11ax-LTE-256GB-pidSAMN970',699.00),(67,1,'https://www.amazon.it/Smartphone-Espandibili-Batteria-Versione-Italiana/dp/B07VPVNJGB/ref=sr_1_2?__mk_it_IT=%C3%85M%C3%85%C5%BD%C3%95%C3%91&dchild=1&keywords=note+10%2B&qid=1605816723&quartzVehicle=80-1004&replacementKeywords=10%2B&sr=8-2',869.00),(67,2,'https://www.euronics.it/smartphone/samsung/galaxy-note-10/eProd192009455/',1015.00),(67,3,'https://www.mobzilla.it/samsung-note-10-plus-5g-n976-256-aura-eu.html',769.00),(67,4,'https://www.unieuro.it/online/Smartphone/Black-6-8-Wi-Fi-6-802-11ax-LTE-256GB-pidSAMN975',849.00),(68,1,'https://www.amazon.it/Smartphone-Fotocamere-Posteriori-Espandibili-Batteria/dp/B083KVVPPJ/ref=sr_1_1?__mk_it_IT=%C3%85M%C3%85%C5%BD%C3%95%C3%91&dchild=1&keywords=note+10+lite&qid=1605816748&quartzVehicle=80-1004&replacementKeywords=10+lite&sr=8-1',386.00),(68,2,'https://www.euronics.it/smartphone/samsung/galaxy-note10-lite/eProd202000198/',379.00),(68,3,'https://www.mobzilla.it/samsung-galaxy-note-10-lite-n770-128gb-dual-sim-black-italia.html',375.00),(68,4,'https://www.unieuro.it/online/Smartphone/Galaxy-Note10-Lite-Black-6-7-Wi-Fi-5-802-11ac-LTE-128GB-pidSAMN770',449.00),(69,1,'https://www.amazon.it/Smartphone-Fotocamere-Posteriori-Espandibili-Batteria/dp/B083KQKRHC/ref=sr_1_1?__mk_it_IT=%C3%85M%C3%85%C5%BD%C3%95%C3%91&dchild=1&keywords=s10+lite&qid=1605816792&quartzVehicle=138-251&replacementKeywords=lite&sr=8-1',440.00),(69,2,'https://www.euronics.it/smartphone/samsung/galaxy-s10-lite/eProd202000171/',469.00),(69,3,'https://www.mobzilla.it/ita-samsung-galaxy-s10-g770-128-dual-blue.html',389.00),(69,4,'https://www.unieuro.it/online/Smartphone/Galaxy-S10-Lite-Black-6-7-Wi-Fi-5-802-11ac-LTE-128GB-pidSAMG770',499.00),(70,1,'https://www.amazon.it/Smartphone-Fotocamere-Posteriori-Espandibili-Batteria/dp/B00JC8MD6K/ref=sr_1_1?__mk_it_IT=%C3%85M%C3%85%C5%BD%C3%95%C3%91&dchild=1&keywords=a71&qid=1605816810&sr=8-1',329.00),(70,2,'https://www.euronics.it/smartphone/samsung/galaxy-a71/eProd202000095/',329.00),(70,3,'https://www.mobzilla.it/samsung-galaxy-a71-128-6ram-dual-black-eu.html',304.00),(70,4,'https://www.unieuro.it/online/Smartphone/Galaxy-A71-Black-6-7-Wi-Fi-5-802-11ac-LTE-128GB-pidSAMA71',329.00),(71,1,'https://www.amazon.it/Smartphone-Fotocamere-Posteriori-Espandibili-Batteria/dp/B082WP34RL/ref=sr_1_1?__mk_it_IT=%C3%85M%C3%85%C5%BD%C3%95%C3%91&dchild=1&keywords=a51&qid=1605816836&sr=8-1',243.90),(71,2,'https://www.euronics.it/smartphone/samsung/galaxy-a51/eProd202000094/',269.00),(71,3,'https://www.mobzilla.it/samsung-galaxy-a51-a515f-128-gb-4gb-ram-dual-sim-black-italia.html',234.00),(71,4,'https://www.unieuro.it/online/Smartphone/Galaxy-A51-Black-6-5-Wi-Fi-5-802-11ac-LTE-128GB-pidSAMA51',259.00),(73,1,'https://www.amazon.it/Samsung-Smartphone-Fotocamere-Posteriori-Espandibili/dp/B087XH73NF/ref=sr_1_1?__mk_it_IT=%C3%85M%C3%85%C5%BD%C3%95%C3%91&dchild=1&keywords=a21s&qid=1605816863&sr=8-1',153.50),(73,2,'https://www.euronics.it/smartphone/samsung/galaxy-a21s/eProd202009982/',149.00),(73,3,'https://www.mobzilla.it/samsung-galaxy-a21s-128gb-3gb-ram-dual-sim-black-italia.html',165.00),(73,4,'https://www.unieuro.it/online/Smartphone/SM-A217F-DSN-pidSAMA21128',149.00),(74,1,'https://www.amazon.it/Smartphone-Fotocamere-Espandibili-Batteria-Esclusiva/dp/B08HGHTXXP/ref=sr_1_4?__mk_it_IT=%C3%85M%C3%85%C5%BD%C3%95%C3%91&dchild=1&keywords=m51&qid=1605816884&sr=8-4',389.00),(75,1,'https://www.amazon.it/Google-Pixel-Tipo-C-Nero-Android/dp/B08JN54LK3/ref=sr_1_1?__mk_it_IT=%C3%85M%C3%85%C5%BD%C3%95%C3%91&dchild=1&keywords=pixel+4a&qid=1605877140&sr=8-1',459.70),(77,3,'https://www.mobzilla.it/eu-oneplus-nord-5g-128-8ram-dual-grey.html',384.90),(78,3,'https://www.mobzilla.it/eu-oneplus-8-5g-256-12ram-dual-green.html',549.00),(79,1,'https://www.amazon.it/OnePlus-Smartphone-Fotocamera-Quadrupla-Ricarica/dp/B07XYJPGCG/ref=sr_1_1?__mk_it_IT=%C3%85M%C3%85%C5%BD%C3%95%C3%91&dchild=1&keywords=oneplus+8&qid=1605877223&quartzVehicle=93-1185&replacementKeywords=oneplus&sr=8-1',725.00),(79,3,'https://www.mobzilla.it/eu-oneplus-8-pro-5g-256-12ram-dual-green.html',768.00),(80,3,'https://www.mobzilla.it/eu-oneplus-8t-128-8ram-dual-silver.html',537.00),(81,1,'https://www.amazon.it/LG-K61-Smartphone-Android-White/dp/B086R4V4PV/ref=sr_1_1?__mk_it_IT=%C3%85M%C3%85%C5%BD%C3%95%C3%91&dchild=1&keywords=lg+k61&qid=1605877267&sr=8-1',230.90),(82,1,'https://www.amazon.it/LG-smartphone-Batteria-ricarica-Wireless/dp/B089P11MSP/ref=sr_1_1?__mk_it_IT=%C3%85M%C3%85%C5%BD%C3%95%C3%91&dchild=1&keywords=lg+velvet&qid=1605877359&refinements=p_89%3ALG&rnid=1688663031&s=electronics&sr=1-1',429.90),(82,2,'https://www.euronics.it/smartphone/lg/lg-velvet/eProd202005034/',429.00),(82,3,'https://www.mobzilla.it/eu-lg-g900-velvet-5g-128gb-grey.html',389.00),(82,4,'https://www.unieuro.it/online/Smartphone/Velvet-pidGOLVELVET',429.90),(83,1,'https://www.amazon.it/Auricolare-Display-memoria-Versione-Italiana/dp/B08968R5V9/ref=redir_mobile_desktop?ie=UTF8&aaxitk=NOTnnEDRD-.nCDRH2AajIg&hsa_cr_id=4977932960702&pd_rd_r=720e92bd-3822-4697-8672-8460ebe90d1e&pd_rd_w=eT53l&pd_rd_wg=J7E8i&ref_=sbx_be_s_sparkle_mcd_asin_0_img',180.00),(83,2,'https://www.euronics.it/smartphone/huawei/p-smart-s-android-10-con-huawei-mobile-service/eProd202004935/',189.00),(83,3,'https://www.mobzilla.it/it-huawei-p-smart-s-128-dual-black.html?kk=a4c6365-175c6f20b31-173dae&gclid=Cj0KCQiAnb79BRDgARIsAOVbhRr7aGtHvvFF2v1V2kS5krhDZOO02A4AK_OI4MS_7Lafgs0jXRm4PHQaAuzuEALw_wcB&utm_source=kelkooit&utm_medium=cpc&utm_campaign=kelkooclick&utm_term=Huawei+P+Smart+S+128GB+Dual+Sim+Black+It',158.00),(83,4,'https://www.unieuro.it/online/Smartphone/P-smart-S-pidHUAPSMARTS?gclid=Cj0KCQiAnb79BRDgARIsAOVbhRpDkoiGDMY7f_X_gSDGQ2EQsABkuEdNk8ZBFV2uwMkSiBUFpGX-gVkaAtLxEALw_wcB&gclsrc=aw.ds',180.00),(84,1,'https://www.amazon.it/Huawei-Smart-2020-Aurora-128gb/dp/B087S8ZK9X/ref=asc_df_B087S8ZK9X/?tag=googshopit-21&linkCode=df0&hvadid=459256639855&hvpos=&hvnetw=g&hvrand=8993831711124200348&hvpone=&hvptwo=&hvqmt=&hvdev=c&hvdvcmdl=&hvlocint=&hvlocphy=9050549&hvtargid=pla-931606007465&psc=1',160.00),(84,2,'https://www.euronics.it/smartphone/huawei/p-smart-2020/eProd202003922/',179.00),(84,3,'https://www.mobzilla.it/it-huawei-p-smart-2020-128-dual-blue.html?kk=a4c6365-175c6f20b31-173dae&gclid=Cj0KCQiAnb79BRDgARIsAOVbhRqcvrKzRnTJsZyzjEQveig1gek9Ev_PVnTnIrPGFkzD89DtGOMrSBAaApEdEALw_wcB&utm_source=kelkooit&utm_medium=cpc&utm_campaign=kelkooclick&utm_term=Huawei+P+Smart+2020+128GB+Dual+Sim+Blue+',152.00),(84,4,'https://www.unieuro.it/online/Smartphone/P-smart-2020-pidHUAPSMART2020B',179.00),(85,1,'https://www.amazon.it/HUAWEI-Lite-Crush-Green-128gb/dp/B07KVV637M/ref=asc_df_B07KVV637M/?tag=googshopit-21&linkCode=df0&hvadid=472654896904&hvpos=&hvnetw=g&hvrand=6841974063283042976&hvpone=&hvptwo=&hvqmt=&hvdev=c&hvdvcmdl=&hvlocint=&hvlocphy=9050549&hvtargid=pla-979892323854&psc=1',180.23),(85,3,'https://www.mobzilla.it/eu-huawei-p40-lite-128-6ram-dual-black.html',172.00),(85,4,'https://www.unieuro.it/online/Smartphone/P40-lite-E-pidHUAP40LITEE?utm_medium=textlink_na&utm_source=trovaprezzi.it&utm_content=dinamica_prospect_na_vvkb35e39811cb8434fc874&utm_campaign=unieuro_cross_multi_alwayson&dedup=trovaprezzi&dclid=CJqrwd2QxegCFacD0wodCtYEiQ',149.00),(86,1,'https://www.amazon.it/HUAWEI-P40-Pro-Smartphone-256GB/dp/B085JK3PFD/ref=sr_1_2?adgrpid=103419341245&dchild=1&gclid=Cj0KCQiAnb79BRDgARIsAOVbhRpHNH-EtzeaTCQxD4nMBGZkpy9RAAdMFRnwMVPHfEQNQIDhrSgCxMYaAmipEALw_wcB&hvadid=451257480904&hvdev=c&hvlocphy=9050549&hvnetw=g&hvqmt=e&hvrand=16199958770847149795&hvtargid=kwd-897608595772&hydadcr=17015_1782221&keywords=p40+pro+amazon&qid=1605387813&sr=8-2&tag=slhyin-21',646.00),(86,2,'https://www.euronics.it/smartphone/huawei/p40-pro/eProd202003303/',799.00),(86,3,'https://www.mobzilla.it/eu-huawei-p40-pro-5g-256-8ram-dual-black.html',558.00),(86,4,'https://www.unieuro.it/online/Smartphone/P40-Pro-pidHUAP40PROS',799.00),(87,1,'https://www.amazon.it/HUAWEI-MicroSD-FullView-Versione-Italiana/dp/B085H21SW8',220.00),(87,2,'https://www.euronics.it/smartphone/huawei/p-smart-pro/eProd202002408/?gclid=Cj0KCQiAnb79BRDgARIsAOVbhRraJVKNRjNBdebCnQ3Mf8WjUa8hWzaYs3GMDFduoxI4kO3a6yAu5EMaAp8YEALw_wcB',263.00),(87,3,'https://www.mobzilla.it/huawei-p-smart-pro-128-dual-cristal-eu-1.html',175.00),(87,4,'https://www.unieuro.it/online/Smartphone/P-smart-Pro-pidHUAPSMARTPRO',219.00),(88,1,'https://www.amazon.it/Huawei-Lite-Midnight-Black-128gb/dp/B088KS8MNR/ref=sr_1_6?adgrpid=92646197239&dchild=1&gclid=Cj0KCQiAnb79BRDgARIsAOVbhRooXAfJQ5_F0zUo-LP2VL8duxcUkV6p16eSOVeq2tS00xQFcNgDS2caAlN2EALw_wcB&hvadid=415723855662&hvdev=c&hvlocphy=9050549&hvnetw=g&hvqmt=b&hvrand=8394930963476270406&hvtargid=kwd-906315503189&hydadcr=17018_1802546&keywords=p40+lite+5g&qid=1605389961&sr=8-6&tag=slhyin-21',226.59),(88,2,'https://www.euronics.it/smartphone/huawei/p40-lite-5g/eProd202004432/',299.00),(88,3,'https://www.mobzilla.it/eu-huawei-p40-lite-5g-128-6ram-dual-black.html',196.00),(88,4,'https://www.unieuro.it/online/Smartphone/P40-lite-5G-pidHUAP40LITE5GS',299.00),(90,1,'https://www.amazon.it/Huawei-P40-Smartphone-128GB-Silver/dp/B085JJSZGX/ref=sr_1_6?__mk_it_IT=%C3%85M%C3%85%C5%BD%C3%95%C3%91&crid=35YKPLLWEEJCZ&dchild=1&keywords=huawei+p40&qid=1605391882&sprefix=huawei+%2Caps%2C298&sr=8-6',418.00),(90,2,'https://www.euronics.it/smartphone/huawei/p40/eProd202003300/',549.00),(90,4,'https://www.unieuro.it/online/Smartphone/P40-pidHUAP40S',599.00),(91,1,'https://www.amazon.it/Bluetooth-Speaker-Fotocamera-SuperCharge-Display/dp/B08MQD5ZLM/ref=sr_1_9?__mk_it_IT=%C3%85M%C3%85%C5%BD%C3%95%C3%91&crid=2O8N1XTJ6A2SX&dchild=1&keywords=huawei+mate+40+pro&qid=1605448170&sprefix=huawei+%2Caps%2C287&sr=8-9',1250.00),(91,4,'https://www.unieuro.it/online/Smartphone/Mate-40-Pro--5G-pidHUAMATE40PRO',1249.00),(92,1,'https://www.amazon.it/HUAWEI-Quadrupla-Fotocamera-Sensore-Services/dp/B081LR43CV/ref=sr_1_1?__mk_it_IT=%C3%85M%C3%85%C5%BD%C3%95%C3%91&crid=19QS654CQX595&dchild=1&keywords=huawei+mate+30+pro&qid=1605448843&s=electronics&sprefix=huawei+mate+30+%2Celectronics%2C246&sr=1-1',610.00),(92,2,'https://www.euronics.it/smartphone/huawei/mate-30-pro/eProd202001553/',765.00),(92,4,'https://www.unieuro.it/online/Smartphone/Mate-30-Pro-pidHUAMATE30PRO',699.00),(94,1,'https://www.amazon.it/HUAWEI-DewDrop-Display-Versione-Italiana/dp/B087X9WM5F/ref=redir_mobile_desktop?ie=UTF8&aaxitk=a7dMY-1.qgfWDN5uTMjKrQ&hsa_cr_id=8738116590502&pd_rd_r=3a3c1830-f9bf-4d5b-9e7b-ce5d14feebee&pd_rd_w=pKjG1&pd_rd_wg=iQjf4&ref_=sbx_be_s_sparkle_mcd_asin_0_img',95.00),(94,2,'https://www.euronics.it/smartphone/huawei/y5p/eProd202004049/',100.00),(94,3,'https://www.mobzilla.it/it-huawei-y5p-32-2ram-dual-black.html',80.00),(94,4,'https://www.unieuro.it/online/Smartphone/Y5p-pidHUAY5P',100.00),(95,1,'https://www.amazon.it/HUAWEI-Fotocamera-Batteria-Versione-Italiana/dp/B087X99G66/ref=sr_1_1_sspa?adgrpid=107701424543&dchild=1&gclid=Cj0KCQiAwMP9BRCzARIsAPWTJ_GYmx1Vhgc_mp9jkPhbL_giEDLZ8odT6ug9eUsRDTSxiqb9cJQ-j8QaAjbuEALw_wcB&hvadid=464167517182&hvdev=c&hvlocphy=9050549&hvnetw=g&hvqmt=e&hvrand=7791397904710441687&hvtargid=kwd-917744267886&hydadcr=17012_1802515&keywords=huawei+y6p+amazon&qid=1605460174&sr=8-1-spons&tag=slhyin-21&psc=1&spLa=ZW5jcnlwdGVkUXVhbGlmaWVyPUExVE8yTzBTNFZER05UJmVuY3J5cHRlZElkPUEwNTU0MzEwMk9LMk1POFZFUVFUVSZlbmNyeXB0ZWRBZElkPUEwNjU1NzQxMUxGM0JESldUUk05UCZ3aWRnZXROYW1lPXNwX2F0ZiZhY3Rpb249Y2xpY2tSZWRpcmVjdCZkb05vdExvZ0NsaWNrPXRydWU=',129.00),(95,2,'https://www.euronics.it/smartphone/huawei/y6p/eProd202004039/',129.00),(95,4,'https://www.unieuro.it/online/Smartphone/Y6p-pidHUAY6PGR',129.00),(96,1,'https://www.amazon.it/OPPO-Smartphone-Fotocamere-Espandibili-Batteria/dp/B088KNRL77/ref=asc_df_B088KNRL77/?tag=googshopit-21&linkCode=df0&hvadid=459254250874&hvpos=&hvnetw=g&hvrand=10805575514560441909&hvpone=&hvptwo=&hvqmt=&hvdev=c&hvdvcmdl=&hvlocint=&hvlocphy=9050549&hvtargid=pla-945953661341&psc=1',143.00),(96,2,'https://www.euronics.it/smartphone/oppo/a52/eProd202003883/?gclid=Cj0KCQiA48j9BRC-ARIsAMQu3WQeROp_wxIYsHDcbJ2ujUwdaiTQl5UcdLn1IFuagXuOsM8Pno7ON90aAmBNEALw_wcB',150.00),(96,4,'https://www.unieuro.it/online/Smartphone/A52-pidOOPA52',149.00),(97,1,'https://www.amazon.it/OPPO-Smartphone-Fotocamere-Espandibili-Batteria/dp/B088KQ7TVS/ref=asc_df_B088KQ7TVS/?tag=googshopit-21&linkCode=df0&hvadid=459292009349&hvpos=&hvnetw=g&hvrand=17307738605548078401&hvpone=&hvptwo=&hvqmt=&hvdev=c&hvdvcmdl=&hvlocint=&hvlocphy=9050549&hvtargid=pla-924318479275&psc=1',177.00),(97,2,'https://www.euronics.it/smartphone/oppo/a72/eProd202003876/?gclid=Cj0KCQiA48j9BRC-ARIsAMQu3WSCeJR_BK84wqDdgjIP0wMHlblzR6BwQHEchArLw_lyw2aktT4KAY8aAmE1EALw_wcB',189.00),(97,4,'https://www.unieuro.it/online/Smartphone/A72-pidOOPA72P?gclid=Cj0KCQiA48j9BRC-ARIsAMQu3WTT9y7bDIMs5wa5EyaHKNlVQrSHj4u2rrbN2JgyicE0dNdfpZZ4qL8aAoH7EALw_wcB&gclsrc=aw.ds',190.00),(98,1,'https://www.amazon.it/OPPO-Reno4-Smartphone-128-Black/dp/B08JQP6PCX',369.00),(98,4,'https://www.unieuro.it/online/Smartphone/Reno-4Z-5G-pidOOPRENO4Z',369.00),(99,1,'https://www.amazon.it/OPPO-Reno4-Smartphone-Galactic-Blue/dp/B08JQN1FNY/ref=sr_1_4?adgrpid=110396418713&dchild=1&gclid=Cj0KCQiA48j9BRC-ARIsAMQu3WR0nF4-LcpYTpK4bVc-HhG2OmUV-wX8jxlzbKXozTd5cT2UR6XaHMEaAlh5EALw_wcB&hvadid=464220310475&hvdev=c&hvlocphy=9050549&hvnetw=g&hvqmt=e&hvrand=17258399778591597324&hvtargid=kwd-915761261178&hydadcr=17019_1806050&keywords=oppo+reno4&qid=1605525969&sr=8-4&tag=slhyin-21',525.00),(99,2,'https://www.euronics.it/smartphone/oppo/reno4/eProd202008763/',600.00),(99,4,'https://www.unieuro.it/online/Smartphone/Reno-4-pidOOPRENO4B?gclid=Cj0KCQiA48j9BRC-ARIsAMQu3WRSJVbvVO6N3EX3gjQhMLqHbq10HnL4_gUNN12Re_XBE78NUejq7SIaAuA_EALw_wcB&gclsrc=aw.ds',600.00),(100,1,'https://www.amazon.it/OPPO-Smartphone-Fotocamere-Espandibili-Batteria/dp/B088TDWKZ8/ref=asc_df_B088TDWKZ8/?tag=googshopit-21&linkCode=df0&hvadid=437922131967&hvpos=&hvnetw=g&hvrand=12719002562372279799&hvpone=&hvptwo=&hvqmt=&hvdev=c&hvdvcmdl=&hvlocint=&hvlocphy=9050549&hvtargid=pla-1104642035272&psc=1&tag=&ref=&adgrpid=104726981674&hvpone=&hvptwo=&hvadid=437922131967&hvpos=&hvnetw=g&hvrand=12719002562372279799&hvqmt=&hvdev=c&hvdvcmdl=&hvlocint=&hvlocphy=9050549&hvtargid=pla-1104642035272',346.00),(100,2,'https://www.euronics.it/smartphone/oppo/find-x2-lite/eProd202003727/?gclid=Cj0KCQiA48j9BRC-ARIsAMQu3WRjFIi6oep_0bdWv2OKXzCL4wEKHRCN0x7me85o_8KkRz3RJrCbj9saAq_eEALw_wcB',349.00),(100,4,'https://www.unieuro.it/online/Smartphone/Find-X2-Lite-pidOOPFINDX2LITE?gclid=Cj0KCQiA48j9BRC-ARIsAMQu3WRIsd5_E1jvAljqDnmhzhb5SQ1-kByWx3obZK7oOOXRqJUI85IS2oIaApQyEALw_wcB&gclsrc=aw.ds',349.00),(101,1,'https://www.amazon.it/OPPO-Smartphone-Fotocamere-Batteria-Versione/dp/B088SSV238/ref=sr_1_5?__mk_it_IT=%C3%85M%C3%85%C5%BD%C3%95%C3%91&dchild=1&keywords=oppo+reno+find+x2+pro&qid=1605527102&quartzVehicle=16-1779&replacementKeywords=oppo+reno+find+pro&sr=8-5',1000.00),(101,2,'https://www.euronics.it/smartphone/oppo/find-x2-pro/eProd202003732/',1199.00),(101,4,'https://www.unieuro.it/online/Smartphone/Find-X2-Pro-pidOOPFINDX2PRO',1199.00);
/*!40000 ALTER TABLE `PREZZI_SMARTPHONES_NEGOZI` ENABLE KEYS */;
UNLOCK TABLES;

--
-- Table structure for table `PRODUTTORI`
--

DROP TABLE IF EXISTS `PRODUTTORI`;
/*!40101 SET @saved_cs_client     = @@character_set_client */;
/*!50503 SET character_set_client = utf8mb4 */;
CREATE TABLE `PRODUTTORI` (
  `idProduttore` int(11) NOT NULL AUTO_INCREMENT,
  `nomeProduttore` varchar(60) NOT NULL,
  PRIMARY KEY (`idProduttore`),
  UNIQUE KEY `nomeProduttore_UNIQUE` (`nomeProduttore`)
) ENGINE=InnoDB AUTO_INCREMENT=14 DEFAULT CHARSET=utf8mb4;
/*!40101 SET character_set_client = @saved_cs_client */;

--
-- Dumping data for table `PRODUTTORI`
--

LOCK TABLES `PRODUTTORI` WRITE;
/*!40000 ALTER TABLE `PRODUTTORI` DISABLE KEYS */;
INSERT INTO `PRODUTTORI` VALUES (1,'Apple'),(2,'Asus'),(3,'Google'),(4,'Huawei'),(5,'LG'),(6,'Motorola'),(7,'OnePlus'),(8,'Oppo'),(9,'Realme'),(10,'Samsung'),(11,'Sony'),(12,'TCL'),(13,'Xiaomi');
/*!40000 ALTER TABLE `PRODUTTORI` ENABLE KEYS */;
UNLOCK TABLES;

--
-- Table structure for table `SESSIONI_UTENTI`
--

DROP TABLE IF EXISTS `SESSIONI_UTENTI`;
/*!40101 SET @saved_cs_client     = @@character_set_client */;
/*!50503 SET character_set_client = utf8mb4 */;
CREATE TABLE `SESSIONI_UTENTI` (
  `idSessione` char(16) NOT NULL,
  `datiSessione` longtext NOT NULL,
  PRIMARY KEY (`idSessione`)
) ENGINE=InnoDB DEFAULT CHARSET=utf8mb4;
/*!40101 SET character_set_client = @saved_cs_client */;

--
-- Dumping data for table `SESSIONI_UTENTI`
--

LOCK TABLES `SESSIONI_UTENTI` WRITE;
/*!40000 ALTER TABLE `SESSIONI_UTENTI` DISABLE KEYS */;
INSERT INTO `SESSIONI_UTENTI` VALUES ('086ed7498c853a10','{\"1\":700,\"2\":1,\"3\":3,\"4\":2,\"5\":1}'),('20cbbfcf477a1a3f','{\"1\":850,\"2\":1,\"4\":2,\"5\":1}'),('245b9e2b9f86f1ea','{\"1\":600,\"2\":1,\"3\":2,\"5\":1}'),('2856fe7c60673e95','{\"1\":300,\"4\":1,\"5\":0}'),('28a25b09c051c9f1','{\"1\":300,\"4\":1,\"5\":1}'),('3f6176abe6050d5f','{\"1\":550,\"2\":1,\"3\":3,\"5\":1}'),('4959020f0021259f','{\"1\":300,\"4\":1,\"5\":1}'),('4d9a69b9ebfb5d10','{\"1\":550,\"2\":1,\"3\":3,\"5\":1}'),('51824ae784caf6ce','{\"1\":550,\"2\":1,\"3\":3,\"5\":1}'),('52a31436393fbd76','{\"1\":300,\"4\":1,\"5\":1}'),('5735902269d18a8e','{\"1\":300,\"4\":2,\"5\":1}'),('58b61b505e14294b','{\"1\":300,\"4\":1,\"5\":1}'),('5d92a7e62285b259','{\"1\":300,\"4\":1,\"5\":1}'),('5e216712a9f1b9a1','{\"1\":300,\"4\":1,\"5\":1}'),('5fba677ef42e1077','{\"1\":300,\"4\":1,\"5\":1}'),('62d91aeb93bef087','{\"1\":300,\"4\":1,\"5\":1}'),('6ffb18f68f40d9f3','{\"1\":300,\"4\":1,\"5\":1}'),('715217260e1f5a2d','{\"1\":700,\"2\":1,\"3\":3,\"4\":2,\"5\":1}'),('723c58f6a9725225','{\"1\":300,\"4\":1,\"5\":1}'),('7db492d31d62b05a','{\"1\":550,\"2\":1,\"3\":3,\"5\":1}'),('95716d3f43c61264','{\"1\":300,\"4\":1,\"5\":1}'),('97f50dac8700e202','{\"1\":550,\"2\":1,\"3\":3,\"5\":1}'),('981d323f1664985e','{\"1\":300,\"4\":1,\"5\":1}'),('99780dc3eb23a0f4','{\"1\":550,\"2\":0,\"3\":1}'),('a0eca809a404589a','{\"1\":300,\"4\":1,\"5\":1}'),('a563706c3bc6d507','{\"1\":550,\"2\":1,\"3\":3,\"5\":1}'),('a5b340278d229dd9','{\"1\":300,\"4\":1,\"5\":1}'),('aa20b121f5e6de0d','{\"1\":300,\"4\":1,\"5\":1}'),('adbc3fa40756008a','{\"1\":800,\"2\":1,\"4\":2,\"5\":1}'),('ba803b9f9807fb2f','{\"1\":300,\"4\":1,\"5\":1}'),('c86f795606d38846','{\"1\":950,\"2\":1,\"4\":2,\"5\":1}'),('ca7eee88e1c1b545','{\"1\":300,\"4\":1,\"5\":1}'),('d21b6624af67522b','{\"1\":300,\"4\":1,\"5\":1}'),('d9523d6c9e42d286','{\"1\":550,\"2\":1,\"3\":3,\"5\":1}'),('dbe28cda3fa69540','{\"1\":300,\"4\":1,\"5\":1}'),('dde618a5b1db8158','{\"1\":250,\"4\":1,\"5\":1}'),('e600a7f785bfca52','{\"1\":300,\"4\":1,\"5\":1}'),('edc835eb086643c9','{\"1\":800,\"2\":1,\"4\":3,\"5\":0}'),('f84b393915db7e50','{\"1\":300,\"4\":1,\"5\":1}'),('fcd6eeff2c35f0f3','{\"1\":300,\"4\":1,\"5\":1}');
/*!40000 ALTER TABLE `SESSIONI_UTENTI` ENABLE KEYS */;
UNLOCK TABLES;

--
-- Table structure for table `SISTEMI_OPERATIVI`
--

DROP TABLE IF EXISTS `SISTEMI_OPERATIVI`;
/*!40101 SET @saved_cs_client     = @@character_set_client */;
/*!50503 SET character_set_client = utf8mb4 */;
CREATE TABLE `SISTEMI_OPERATIVI` (
  `idSistemaOperativo` int(11) NOT NULL AUTO_INCREMENT,
  `nomeSistemaOperativo` varchar(60) NOT NULL,
  `percorsoImmagineLogoSistemaOperativo` varchar(255) NOT NULL,
  PRIMARY KEY (`idSistemaOperativo`),
  UNIQUE KEY `nomeSistemaOperativo_UNIQUE` (`nomeSistemaOperativo`)
) ENGINE=InnoDB AUTO_INCREMENT=3 DEFAULT CHARSET=utf8mb4;
/*!40101 SET character_set_client = @saved_cs_client */;

--
-- Dumping data for table `SISTEMI_OPERATIVI`
--

LOCK TABLES `SISTEMI_OPERATIVI` WRITE;
/*!40000 ALTER TABLE `SISTEMI_OPERATIVI` DISABLE KEYS */;
INSERT INTO `SISTEMI_OPERATIVI` VALUES (1,'Android','/assets/os-logos/android-logo.png'),(2,'iOS','/assets/os-logos/apple-ios-logo.png');
/*!40000 ALTER TABLE `SISTEMI_OPERATIVI` ENABLE KEYS */;
UNLOCK TABLES;

--
-- Table structure for table `SMARTPHONES`
--

DROP TABLE IF EXISTS `SMARTPHONES`;
/*!40101 SET @saved_cs_client     = @@character_set_client */;
/*!50503 SET character_set_client = utf8mb4 */;
CREATE TABLE `SMARTPHONES` (
  `idSmartphone` int(11) NOT NULL AUTO_INCREMENT,
  `idProduttore` int(11) NOT NULL,
  `nomeModello` varchar(60) NOT NULL,
  `idSistemaOperativo` int(11) NOT NULL,
  `lunghezza` decimal(5,2) unsigned NOT NULL COMMENT 'La lunghezza dello Smartphone, espressa in millimetri (mm).',
  `altezza` decimal(5,2) unsigned NOT NULL COMMENT 'L''altezza dello Smartphone, espressa in millimetri (mm).',
  `spessore` decimal(5,2) unsigned NOT NULL COMMENT 'Lo spessore dello Smartphone, espresso in millimetri (mm).',
  `peso` decimal(6,2) unsigned NOT NULL COMMENT 'Il peso dello Smartphone, espresso in grammi (g).',
  `resistenzaAcqua` varchar(60) NOT NULL COMMENT 'Indica se lo Smartphone è in grado di resistere a getti o schizzi d''acqua senza subire danni. Se lo Smartphone possiede una certificazione IP, sarà specificata tra parentesi.',
  `polliciSchermo` decimal(4,2) NOT NULL COMMENT 'La lunghezza della diagonale dello schermo dello Smartphone, espressa in pollici (in).',
  `risoluzioneSchermo` varchar(60) NOT NULL COMMENT 'La risoluzione orizzontale e verticale dello schermo dello Smartphone, espressa in pixel (A x B px).',
  `densitaPixelSchermo` int(10) unsigned NOT NULL COMMENT 'La densità dei pixel dello schermo dello Smartphone, espressa in pixels per pollice (ppi).',
  `tipoSchermo` varchar(60) NOT NULL,
  `frequenzaAggiornamentoSchermo` int(10) unsigned NOT NULL COMMENT 'La frequenza di aggiornamento dello schermo dello Smartphone, espressa in Hertz (Hz).',
  `protezioneSchermo` varchar(60) NOT NULL,
  `processori` varchar(255) NOT NULL COMMENT 'Descrive i processori indicando le relative velocità (in GigaHertz, GHz) e quantità di Core, nel formato N_1x nome_1 velocita_1 + ... + N_2n nome_n velocita_n.',
  `chipset` varchar(60) NOT NULL,
  `RAM` int(10) unsigned NOT NULL,
  `GPU` varchar(60) NOT NULL,
  `capacitaMemoriaInterna` int(10) unsigned NOT NULL COMMENT 'La capacità della memoria interna dello Smartphone, espressa in Gigabyte (GB).',
  `memoriaEspandibile` tinyint(1) NOT NULL COMMENT 'Indica se è possibile estendere la capacità della memoria di archiviazione dello Smartphone con una Scheda SD.',
  `mpFotocamerePosteriori` varchar(255) DEFAULT NULL COMMENT 'Indica i MegaPixel delle fotocamere posteriori, nel formato (a_1 Mp + ... + a_n Mp).',
  `aperturaFocaleFotocamerePosteriori` varchar(255) DEFAULT NULL COMMENT 'Indica l''apertura focale per ciascuna fotocamera posteriore, espressa nel formato (F a_1 + ... + F a_n).',
  `stabilizzazioneOttica` tinyint(1) NOT NULL COMMENT 'Indica se la fotocamera posteriore principale dello Smartphone è provvista della stabilizzazione Ottica o meno.',
  `mpFotocamereFrontali` varchar(255) DEFAULT NULL COMMENT 'Indica i MegaPixel delle fotocamere frontali, nel formato (a_1 Mp + ... + a_n Mp).',
  `aperturaFocaleFotocamereFrontali` varchar(255) DEFAULT NULL COMMENT 'Indica l''apertura focale per ciascuna fotocamera frontale, espressa nel formato (F a_1 + ... + F a_n).',
  `risoluzioneVideocameraPosteriore` varchar(60) DEFAULT NULL COMMENT 'La risoluzione orizzontale e verticale della videocamera posteriore dello Smartphone, espressa in pixel (A x B px).',
  `fpsVideocameraPosteriore` int(10) unsigned DEFAULT NULL COMMENT 'Indica il numero massimo di FPS che la videocamera posteriore dello Smartphone riesce a catturare alla risoluzione massima.',
  `risoluzioneVideocameraFrontale` varchar(60) DEFAULT NULL COMMENT 'La risoluzione orizzontale e verticale della videocamera frontale dello Smartphone, espressa in pixel (A x B px).',
  `fpsVideocameraFrontale` int(10) unsigned DEFAULT NULL COMMENT 'Indica il numero massimo di FPS che la videocamera frontale dello Smartphone riesce a catturare alla risoluzione massima.',
  `formFactorSIM` varchar(60) NOT NULL,
  `_4G_LTE` tinyint(1) NOT NULL,
  `_5G` tinyint(1) NOT NULL COMMENT 'Indica se lo Smartphone è provvisto di un modulo 5G o meno.',
  `dualSIM` varchar(60) NOT NULL COMMENT 'Indica se lo Smartphone è Dual SIM o meno.',
  `sensoreImpronteDigitali` tinyint(1) NOT NULL COMMENT 'Indica se lo Smartphone è provvisto di un sensore che riconosce le impronte digitali dell''utilizzatore.',
  `jackAudio` tinyint(1) NOT NULL COMMENT 'Indica se lo Smartphone è provvisto di un connettore Jack Audio da 3.5 mm.',
  `tipoBatteria` varchar(60) NOT NULL,
  `capacitaBatteria` int(10) unsigned NOT NULL COMMENT 'La capacità della batteria dello Smartphone, espressa in milliAmpere-Ora (mAh)',
  `ricaricaWireless` tinyint(1) NOT NULL COMMENT 'Indica se è possibile ricaricare la batteria dello Smartphone mediante dei caricabatterie a induzione.',
  `pennino` tinyint(1) NOT NULL COMMENT 'Indica se lo Smartphone è provvisto di un pennino con il quale poterlo utilizzare.',
  `percorsoImmagineSmartphone` varchar(255) DEFAULT NULL,
  PRIMARY KEY (`idSmartphone`),
  KEY `idSistemaOperativo_idx` (`idSistemaOperativo`),
  KEY `idProduttore_idx` (`idProduttore`),
  CONSTRAINT `idProduttore` FOREIGN KEY (`idProduttore`) REFERENCES `PRODUTTORI` (`idProduttore`) ON DELETE NO ACTION ON UPDATE NO ACTION,
  CONSTRAINT `idSistemaOperativo` FOREIGN KEY (`idSistemaOperativo`) REFERENCES `SISTEMI_OPERATIVI` (`idSistemaOperativo`) ON DELETE NO ACTION ON UPDATE NO ACTION
) ENGINE=InnoDB AUTO_INCREMENT=102 DEFAULT CHARSET=utf8mb4;
/*!40101 SET character_set_client = @saved_cs_client */;

--
-- Dumping data for table `SMARTPHONES`
--

LOCK TABLES `SMARTPHONES` WRITE;
/*!40000 ALTER TABLE `SMARTPHONES` DISABLE KEYS */;
INSERT INTO `SMARTPHONES` VALUES (1,12,'10L',1,162.20,75.60,8.40,180.00,'No',6.53,'2340x1080',395,'IPS LCD',60,'No','4x 2.0 GHz Kyro 260 + 4x 1.8 GHz Kyro 260','Snapdragon 665',6,'Adreno 610',64,1,'48 Mp + 8 Mp + 2 Mp + 2 Mp','F 1.8 + F 2.2 + F 2.4 + F 2.4',0,'16','F 2.2','4K',30,'Full HD',30,'Nano',1,0,'Sì',1,1,'LiPo',4000,0,0,'assets/smartphones-images/tcl_10l.jpg'),(2,12,'10L',1,162.20,75.60,8.40,180.00,'No',6.53,'2340x1080',395,'IPS LCD',60,'No','4x 2.0 GHz Kyro 260 + 4x 1.8 GHz Kyro 260','Snapdragon 665',6,'Adreno 610',128,1,'48 Mp + 8 Mp + 2 Mp + 2 Mp','F 1.8 + F 2.2 + F 2.4 + F 2.4',0,'16','F 2.2','4K',30,'Full HD',30,'Nano',1,0,'Sì',1,1,'LiPo',4000,0,0,'assets/smartphones-images/tcl_10l.jpg'),(4,13,'POCO F2 Pro',1,163.30,75.40,8.90,218.00,'No',6.67,'2400x1080',395,'Super AMOLED',60,'Gorilla® Glass 5','1x 2.84 GHz Kryo 585 + 3x 2.42 GHz Kryo 585 + 4x 1.80 GHz Kryo 585','Snapdragon 865',6,'Adreno 650',128,0,'64 Mp + 5 Mp + 13 Mp + 2 Mp','F 1.89 + F 2.4 + F 2.2 + F 2.4',0,'20','F 2.2','8K',60,'Full HD',30,'Nano',1,1,'Sì',1,1,'LiPo',4700,0,0,'assets/smartphones-images/xiaomi_poco_f2_pro.jpg'),(5,13,'POCO X3',1,165.30,76.80,9.40,215.00,'No',6.67,'2400x1080',395,'IPS LCD',120,'Gorilla® Glass 5','2x 2.3 GHz Kryo 470 Gold + 6x 1.8 GHz Kryo 470 Silver','Snapdragon 732G',6,'Adreno 618',64,1,'64 Mp + 13 Mp + 2 Mp + 2 Mp','F 1.89 + F 2.2 + F 2.4 + F 2.4',0,'20','F 2.2','4K',30,'Full HD',30,'Nano',1,1,'Sì',1,1,'Litio',5160,0,0,'assets/smartphones-images/xiaomi_pocox3.jpg'),(6,13,'POCO X3',1,165.30,76.80,9.40,215.00,'No',6.67,'2400x1080',395,'IPS LCD',120,'Gorilla® Glass 5','2x 2.3 GHz Kryo 470 Gold + 6x 1.8 GHz Kryo 470 Silver','Snapdragon 732G',6,'Adreno 618',128,1,'64 Mp + 13 Mp + 2 Mp + 2 Mp','F 1.89 + F 2.2 + F 2.4 + F 2.4',0,'20','F 2.2','4K',30,'Full HD',30,'Nano',1,1,'Sì',1,1,'Litio',5160,0,0,'assets/smartphones-images/xiaomi_pocox3.jpg'),(7,6,'Moto G9 Plus',1,169.98,78.10,10.29,223.00,'No',6.80,'2400x1080',386,'IPS LCD',90,'No','2x 2.2 GHz Kryo 470 Gold + 6x 1.8 GHz Kryo 470 Silver','Snapdragon 730G',4,'Adreno 618',128,1,'64 Mp + 8 Mp + 2 Mp + 2 Mp','F 1.8 + F 2.2 + F 2.2 + F 2.2',0,'16','F 2.0','4K',30,'Full HD',30,'Nano',1,0,'Sì',1,1,'LiPo',5000,0,0,'assets/smartphones-images/motorola_moto_g9_plus.jpg'),(8,6,'Razr 5G',1,168.00,74.00,9.00,192.00,'No',6.20,'2142x876',373,'P-OLED',60,'Gorilla® Glass 5','1x 2.4 GHz Kyro 475 Prime + 1x 2.2 GHz Kyro 475 Gold + 6x 1.8 GHz Kyro 475 Silver','Snapdragon 765G',8,'Adreno 620',256,1,'48','F 1.7',0,'20','F 2.2','4K ',30,'Full HD',30,'Nano',1,1,'Sì',1,0,'LiPo',2800,0,0,NULL),(9,6,'Moto G 5G Plus',1,168.00,74.00,9.00,207.00,'No',6.70,'2340x1080',386,'IPS LCD',60,'No','1x 2.3 GHz Kryo 475 Prime + 1x 2.2 GHz Kryo 475 Gold + 6x 1.8 GHz Kryo 475 Silver','Snapdragon 765G',4,'Adreno 620',64,1,'48 Mp + 8 Mp + 5 Mp + 2 Mp','F 1.8 + F 2.2 + F 2.2 + F 2.2',0,'16','F 2.2','4K',30,'Full HD',30,'Nano',1,1,'Sì',1,1,'LiPo',5000,0,0,'assets/smartphones-images/motorola_moto5gplus.jpg'),(10,6,'Moto G 5G Plus',1,168.00,74.00,9.00,207.00,'No',6.70,'2340x1080',386,'IPS LCD',60,'No','1x 2.3 GHz Kryo 475 Prime + 1x 2.2 GHz Kryo 475 Gold + 6x 1.8 GHz Kryo 475 Silver','Snapdragon 765G',6,'Adreno 620',128,1,'48 Mp + 8 Mp + 5 Mp + 2 Mp','F 1.8 + F 2.2 + F 2.2 + F 2.2',0,'16','F 2.2','4K',30,'Full HD',30,'Nano',1,1,'Sì',1,1,'LiPo',5000,0,0,'assets/smartphones-images/motorola_moto5gplus.jpg'),(11,6,'Moto G Pro',1,158.55,75.80,9.20,192.00,'No',6.40,'2300x1080',397,'IPS LCD',60,'No','4x 2.0 GHz Kyro 260 + 4x 1.8 GHz Kyro 260','Snapdragon 665',4,'Adreno 610',128,1,'48 Mp + 16 Mp + 2 Mp','F 1.7 + F 2.2 + F 2.2\r',0,'16','F 2.0','4K',30,'Full HD',30,'Nano',1,0,'Sì',1,1,'LiPo',4000,0,1,NULL),(12,6,'Edge',1,161.64,71.10,9.29,188.00,'Sì (IP54)',6.70,'2340x1080',386,'OLED',90,'Gorilla® Glass 5','1x 2.4 GHz Kryo 475 Prime + 1x 2.2 GHz Kryo 475 Gold + 6 x1.8 GHz Kryo 475 Silver','Snapdragon 765G',6,'Adreno 610',128,1,'64 Mp + 16 Mp + 8 Mp','F 1.8 + F 2.2 + F 2.4',0,'25','F 2.0','4K',30,'Full HD',30,'Nano',1,1,'Sì',1,1,'LiPo',4500,0,0,'assets/smartphones-images/motorola_edge.jpg'),(13,6,'Edge Plus',1,161.10,71.40,9.60,203.00,'Sì (IP68)',6.70,'2340x1080',386,'OLED',90,'Gorilla® Glass 5','1x 2.84 GHz Cortex A77 + 3x 2.42 GHz Cortex A77 + 4x 1.8 GHz Cortex A53','Snapdragon 865',12,'Adreno 650',256,0,'108 Mp + 16 Mp + 8 Mp','F 1.8 + F 2.2 + F 2.4',1,'25','F 2.0','6K',30,'Full HD',30,'Nano',1,1,'No',1,1,'LiPo',5000,1,0,NULL),(14,1,'iPhone SE',2,138.40,67.30,7.30,148.00,'Sì (IP67)',4.70,'1334x750',326,'IPS LCD',60,'Sì','2x 2.65 GHz Lightning + 4x 1.8 GHz Thunder','A13 Bionic',3,'Apple GPU (4 core)',64,0,'12','F 1.8',1,'7','F 2.2','4K',60,'Full HD',30,'Nano',1,0,'Sì (eSIM)',0,0,'Litio',1821,1,0,'assets/smartphones-images/apple_iphone_se.jpg'),(15,1,'iPhone SE',2,138.40,67.30,7.30,148.00,'Sì (IP67)',4.70,'1334x750',326,'IPS LCD',60,'Sì','2x 2.65 GHz Lightning + 4x 1.8 GHz Thunder','A13 Bionic',3,'Apple GPU (4 core)',128,0,'12','F 1.8',1,'7','F 2.2','4K',60,'Full HD',30,'Nano',1,0,'Sì (eSIM)',0,0,'Litio',1821,1,0,'assets/smartphones-images/apple_iphone_se.jpg'),(16,1,'iPhone SE',2,138.40,67.30,7.30,148.00,'Sì (IP67)',4.70,'1334x750',326,'IPS LCD',60,'Sì','2x 2.65 GHz Lightning + 4x 1.8 GHz Thunder','A13 Bionic',3,'Apple GPU (4 core)',256,0,'12','F 1.8',1,'7','F 2.2','4K',60,'Full HD',30,'Nano',1,0,'Sì (eSIM)',0,0,'Litio',1821,1,0,'assets/smartphones-images/apple_iphone_se.jpg'),(17,1,'iPhone XR',2,150.90,75.70,8.30,194.00,'Sì (IP67)',6.10,'1792x828',326,'IPS LCD',60,'Sì','2x Vortex + 4x Tempest','A12 Bionic',3,'Apple GPU (4 core)',64,0,'12','F 1.8',1,'7','F 2.2','4K',60,'Full HD',60,'Nano',1,0,'Sì (eSIM)',0,0,'Litio',2942,1,0,'assets/smartphones-images/apple_iphone_xr.jpg'),(18,1,'iPhone XR',2,150.90,75.70,8.30,194.00,'Sì (IP67)',6.10,'1792x828',326,'IPS LCD',60,'Sì','2x Vortex + 4x Tempest','A12 Bionic',3,'Apple GPU (4 core)',128,0,'12','F 1.8',1,'7','F 2.2','4K',60,'Full HD',60,'Nano',1,0,'Sì (eSIM)',0,0,'Litio',2942,1,0,'assets/smartphones-images/apple_iphone_xr.jpg'),(19,1,'iPhone XR',2,150.90,75.70,8.30,194.00,'Sì (IP67)',6.10,'1792x828',326,'IPS LCD',60,'Sì','2x Vortex + 4x Tempest','A12 Bionic',3,'Apple GPU (4 core)',256,0,'12','F 1.8',1,'7','F 2.2','4K',60,'Full HD',60,'Nano',1,0,'Sì (eSIM)',0,0,'Litio',2942,1,0,'assets/smartphones-images/apple_iphone_xr.jpg'),(20,1,'iPhone 11',2,150.90,75.70,8.30,194.00,'Sì (IP68)',6.10,'1792x828',326,'IPS LCD',60,'Sì','2x 2.65 GHz Lightning + 4x 1.8 GHz Thunder','A13 Bionic',4,'Apple GPU (4 core)',64,0,'12 Mp + 12 Mp','F 1.8 + F 2.4',1,'12','F 2.2','4K',60,'4K',60,'Nano',1,0,'Sì (eSIM)',0,0,'Litio',3110,1,0,'assets/smartphones-images/apple_iphone_11.jpg'),(21,1,'iPhone 11',2,150.90,75.70,8.30,194.00,'Sì (IP68)',6.10,'1792x828',326,'IPS LCD',60,'Sì','2x 2.65 GHz Lightning + 4x 1.8 GHz Thunder','A13 Bionic',4,'Apple GPU (4 core)',128,0,'12 Mp + 12 Mp','F 1.8 + F 2.4',1,'12','F 2.2','4K',60,'4K',60,'Nano',1,0,'Sì (eSIM)',0,0,'Litio',3110,1,0,'assets/smartphones-images/apple_iphone_11.jpg'),(22,1,'iPhone 11',2,150.90,75.70,8.30,194.00,'Sì (IP68)',6.10,'1792x828',326,'IPS LCD',60,'Sì','2x 2.65 GHz Lightning + 4x 1.8 GHz Thunder','A13 Bionic',4,'Apple GPU (4 core)',256,0,'12 Mp + 12 Mp','F 1.8 + F 2.4',1,'12','F 2.2','4K',60,'4K',60,'Nano',1,0,'Sì (eSIM)',0,0,'Litio',3110,1,0,'assets/smartphones-images/apple_iphone_11.jpg'),(23,1,'iPhone 12 Mini',2,131.50,64.20,7.40,135.00,'Sì (IP68)',5.40,'2340x1080',476,'OLED',60,'Ceramic Shield','2x 2.65 GHz Firestorm + 4x 1.8 GHz Icestorm','A14 Bionic',4,'Apple GPU (4 core)',64,0,'12 Mp + 12 Mp','F 1.6 + F 2.4',1,'12','F 2.2','4K',60,'4K',60,'Nano',1,1,'Sì (eSIM)',0,0,'Litio',2227,1,0,'assets/smartphones-images/apple_iphone_12_mini.jpg'),(24,1,'iPhone 12 Mini',2,131.50,64.20,7.40,135.00,'Sì (IP68)',5.40,'2340x1080',476,'OLED',60,'Ceramic Shield','2x 2.65 GHz Firestorm + 4x 1.8 GHz Icestorm','A14 Bionic',4,'Apple GPU (4 core)',128,0,'12 Mp + 12 Mp','F 1.6 + F 2.4',1,'12','F 2.2','4K',60,'4K',60,'Nano',1,1,'Sì (eSIM)',0,0,'Litio',2227,1,0,'assets/smartphones-images/apple_iphone_12_mini.jpg'),(25,1,'iPhone 12 Mini',2,131.50,64.20,7.40,135.00,'Sì (IP68)',5.40,'2340x1080',476,'OLED',60,'Ceramic Shield','2x 2.65 GHz Firestorm + 4x 1.8 GHz Icestorm','A14 Bionic',4,'Apple GPU (4 core)',256,0,'12 Mp + 12 Mp','F 1.6 + F 2.4',1,'12','F 2.2','4K',60,'4K',60,'Nano',1,1,'Sì (eSIM)',0,0,'Litio',2227,1,0,'assets/smartphones-images/apple_iphone_12_mini.jpg'),(26,1,'iPhone 12',2,146.70,71.50,7.40,164.00,'Sì (IP68)',6.10,'2532x1170',460,'OLED',60,'Ceramic Shield','2x 2.65 GHz Firestorm + 4x 1.8 GHz Icestorm','A14 Bionic',4,'Apple GPU (4 core)',64,0,'12 Mp + 12 Mp','F 1.6 + F 2.4',1,'12','F 2.2','4K',60,'4K',60,'Nano',1,1,'Sì (eSIM)',0,0,'Litio',2775,1,0,'assets/smartphones-images/apple_iphone_12.jpg'),(27,1,'iPhone 12',2,146.70,71.50,7.40,164.00,'Sì (IP68)',6.10,'2532x1170',460,'OLED',60,'Ceramic Shield','2x 2.65 GHz Firestorm + 4x 1.8 GHz Icestorm','A14 Bionic',4,'Apple GPU (4 core)',128,0,'12 Mp + 12 Mp','F 1.6 + F 2.4',1,'12','F 2.2','4K',60,'4K',60,'Nano',1,1,'Sì (eSIM)',0,0,'Litio',2775,1,0,'assets/smartphones-images/apple_iphone_12.jpg'),(28,1,'iPhone 12',2,146.70,71.50,7.40,164.00,'Sì (IP68)',6.10,'2532x1170',460,'OLED',60,'Ceramic Shield','2x 2.65 GHz Firestorm + 4x 1.8 GHz Icestorm','A14 Bionic',4,'Apple GPU (4 core)',256,0,'12 Mp + 12 Mp','F 1.6 + F 2.4',1,'12','F 2.2','4K',60,'4K',60,'Nano',1,1,'Sì (eSIM)',0,0,'Litio',2775,1,0,'assets/smartphones-images/apple_iphone_12.jpg'),(29,1,'iPhone 12 Pro',2,146.70,71.50,7.40,189.00,'Sì (IP68)',6.10,'2532x1170',460,'OLED',60,'Ceramic Shield','2x 2.65 GHz Firestorm + 4x 1.8 GHz Icestorm','A14 Bionic',6,'Apple GPU (4 core)',128,0,'12 Mp + 12 Mp + 12 Mp','F 1.6 + F 2.4 + F 2',1,'12','F 2.2','4K',60,'4K',60,'Nano',1,1,'Sì (eSIM)',0,0,'Litio',2775,1,0,'assets/smartphones-images/apple_iphone_12_pro.jpg'),(30,1,'iPhone 12 Pro',2,146.70,71.50,7.40,189.00,'Sì (IP68)',6.10,'2532x1170',460,'OLED',60,'Ceramic Shield','2x 2.65 GHz Firestorm + 4x 1.8 GHz Icestorm','A14 Bionic',6,'Apple GPU (4 core)',256,0,'12 Mp + 12 Mp + 12 Mp','F 1.6 + F 2.4 + F 2',1,'12','F 2.2','4K',60,'4K',60,'Nano',1,1,'Sì (eSIM)',0,0,'Litio',2775,1,0,'assets/smartphones-images/apple_iphone_12_pro.jpg'),(31,1,'iPhone 12 Pro Max',2,160.80,78.10,7.40,228.00,'Sì (IP68)',6.70,'2778x1284',458,'OLED',60,'Ceramic Shield','2x 2.65 GHz Firestorm + 4x 1.8 GHz Icestorm','A14 Bionic',6,'Apple GPU (4 core)',128,0,'12 Mp + 12 Mp + 12 Mp','F 1.6 + F 2.4 + F 2.2',1,'12','F 2.2','4K',60,'4K',60,'Nano',1,1,'Sì (eSIM)',0,0,'Litio',3687,1,0,'assets/smartphones-images/apple_iphone_12_pro_max.jpg'),(32,1,'iPhone 12 Pro Max',2,160.80,78.10,7.40,228.00,'Sì (IP68)',6.70,'2778x1284',458,'OLED',60,'Ceramic Shield','2x 2.65 GHz Firestorm + 4x 1.8 GHz Icestorm','A14 Bionic',6,'Apple GPU (4 core)',256,0,'12 Mp + 12 Mp + 12 Mp','F 1.6 + F 2.4 + F 2.2',1,'12','F 2.2','4K',60,'4K',60,'Nano',1,1,'Sì (eSIM)',0,0,'Litio',3687,1,0,'assets/smartphones-images/apple_iphone_12_pro_max.jpg'),(33,11,'Xperia 1 II',1,166.00,72.00,7.90,181.00,'Si (IP65/68)',6.50,'1644x3840',643,'OLED',90,'Gorilla® Glass 6','1x 2.84 GHz Kryo 585 + 3x 2.42 GHz Kryo 585 + 4x 1.80 GHz Kryo 585','Snapdragon 865',8,'Adreno 650',256,1,'12 Mp + 12 Mp + 12 Mp','F 1.7 + F 2.4 + F 2.2',1,'8','F 2.0','4K',60,'Full HD',30,'Nano',1,1,'Sì',1,1,'Litio',4000,1,0,'assets/smartphones-images/sony_xperia_1_ii.jpg'),(34,11,'Xperia 5 II',1,158.00,68.00,8.00,163.00,'Si (IP68)',6.10,'2520x1080',449,'OLED',120,'Gorilla® Glass 6','1x 2.84 GHz Cortex A77 + 3x 2.42 GHz Cortex A77 + 4x 1.8 GHz Cortex A53','Snapdragon 865',8,'Adreno 650',256,1,'12 Mp + 12 Mp + 12 Mp','F 1.7 + F 2.4 + F 2.2',1,'8','F 2.0','4K',60,'Full HD',30,'Nano',1,1,'Sì',1,1,'Litio',4000,0,0,'assets/smartphones-images/sony_xperia_5.jpg'),(35,2,'Zenfone 7',1,165.10,77.30,9.60,230.00,'No',6.67,'2400x1080',394,'Super AMOLED',90,'Gorilla® Glass 6','1x 2.84 GHz Cortex A77 + 3x 2.42 GHz Cortex A77 + 4x 1.8 GHz Cortex A53','Snapdragon 865',8,'Adreno 650',128,1,'64 Mp + 12 Mp + 8 Mp','F 1.8 + F 2.2 + F 2.4',0,'64 Mp + 12 Mp + 8 Mp','F 1.8 + F 2.2 + F 2.4','8K',30,'8K',30,'Nano',1,1,'Sì',1,0,'LiPo',5000,0,0,'assets/smartphones-images/asus_zenfone_7.jpg'),(36,2,'Zenfone 7 Pro',1,165.10,77.30,9.60,230.00,'No',6.67,'2400x1080',395,'Super AMOLED',90,'Gorilla® Glass 6','1x 3.1 GHz Kryo 585 Prime + 3x 2.42 GHz Kryo 585 + 4x 1.8 GHz Kryo 585','Snapdragon 865',8,'Adreno 650',256,1,'64 Mp + 12 Mp + 8 Mp','F 1.8 + F 2.2 + F 2.4',1,'64 Mp + 12 Mp + 8 Mp','F 1.8 + F 2.2 + F 2.4','8K',30,'8K',30,'Nano',1,1,'Sì',1,0,'LiPo',5000,0,0,'assets/smartphones-images/asus_zenfone_7_pro.jpg'),(37,2,'ROG Phone 3 Strix',1,171.00,78.00,9.90,240.00,'No',6.59,'2340x1080',392,'AMOLED',144,'Gorilla® Glass 6','1x 2.84 GHz Kryo 585 + 3x 2.42 GHz Kryo 585 + 4x 1.8 GHz Kryo 585','Snapdragon 865',8,'Adreno 650',256,0,'64 Mp + 13 Mp + 5 Mp','F 1.8 + F 2.4 + F 2',0,'24','F2.0','8K',30,'Full HD',30,'Nano',1,1,'Sì',1,0,'LiPo',6000,0,0,'assets/smartphones-images/asus_rog_phone_3_strix.jpg'),(38,2,'ROG Phone 3 12/512',1,171.00,78.00,9.90,240.00,'No',6.59,'2340x1080',392,'AMOLED',144,'Gorilla® Glass 6','1x 3.1 GHz Kryo 585 Prime + 3x 2.42 GHz Kryo 585 + 4x 1.8 GHz Kryo 585','Snapdragon 865',12,'Adreno 650',512,0,'64 Mp + 13 Mp + 5 Mp','F 1.8 + F 2.4 + F 2',0,'24','F2.0','8K',30,'Full HD',30,'Nano',1,1,'Sì',1,0,'LiPo',6000,0,0,NULL),(39,2,'ROG Phone 3 16/512',1,171.00,78.00,9.90,240.00,'No',6.59,'2340x1080',392,'AMOLED',144,'Gorilla® Glass 6','1x 3.1 GHz Kryo 585 Prime + 3x 2.42 GHz Kryo 585 + 4x 1.8 GHz Kryo 585','Snapdragon 865',16,'Adreno 650',512,0,'64 Mp + 13 Mp + 5 Mp','F 1.8 + F 2.4 + F 2',0,'24','F2.0','8K',30,'Full HD',30,'Nano',1,1,'Sì',1,0,'LiPo',6000,0,0,NULL),(40,9,'7 8/128',1,162.30,75.40,9.40,196.50,'No',6.50,'2400x1080',405,'IPS LCD',90,'Gorilla® Glass 3','2x 2.05 GHz Cortex-A76 + 6x 2.0 GHz Cortex-A55','Mediatek Helio G95',8,'Mali-g76 MC4',128,1,'64 Mp + 8 Mp + 2 Mp + 2 Mp','F 1.8 + F 2.3 + F 2.4 + F 2.4',0,'16','F2.1','4K',30,'Full HD',30,'Nano',1,0,'Sì',1,1,'LiPo',5000,0,0,'assets/smartphones-images/realme_7.jpg'),(41,9,'7 6/64',1,162.30,75.40,9.40,196.50,'No',6.50,'2400x1080',405,'IPS LCD',90,'Gorilla® Glass 3','2x 2.05 GHz Cortex-A76 + 6x 2.0 GHz Cortex-A55','Mediatek Helio G95',6,'Mali-g76 MC4',64,1,'64 Mp + 8 Mp + 2 Mp + 2 Mp','F 1.8 + F 2.3 + F 2.4 + F 2.4',0,'16','F2.1','4K',30,'Full HD',30,'Nano',1,0,'Sì',1,1,'LiPo',5000,0,0,'assets/smartphones-images/realme_7.jpg'),(42,9,'7 4/64',1,162.30,75.40,9.40,196.50,'No',6.50,'2400x1080',405,'IPS LCD',90,'Gorilla® Glass 3','2x 2.05 GHz Cortex-A76 + 6x 2.0 GHz Cortex-A55','Mediatek Helio G95',4,'Mali-g76 MC4',64,1,'64 Mp + 8 Mp + 2 Mp + 2 Mp','F 1.8 + F 2.3 + F 2.4 + F 2.4',0,'16','F2.1','4K',30,'Full HD',30,'Nano',1,0,'Sì',1,1,'LiPo',5000,0,0,'assets/smartphones-images/realme_7.jpg'),(43,9,'7 Pro',1,160.90,74.30,8.70,182.00,'No',6.40,'2400x1080',411,'Super AMOLED',60,'Gorilla® Glass 3 Plus','2x 2.3 GHz Kryo 465 Gold + 6x 1.8 GHz Kryo 465 Silver','Snapdragon 720G',8,'Adreno 618',128,1,'64 Mp + 8 Mp + 2 Mp + 2 Mp','F 1.8 + F 2.3 + F 2.4 + F 2.4',0,'32','F2.5','4K',30,'Full HD',30,'Nano',1,0,'Sì',1,1,'LiPo',4500,0,0,'assets/smartphones-images/realme_7_pro.jpg'),(44,9,'X50 PRO',1,159.00,74.20,8.90,205.00,'No',6.44,'2400x1080',409,'Super AMOLED',90,'Gorilla® Glass 5','1x 2.84 GHz Cortex A77 + 3x 2.42 GHz Cortex A77 + 4x 1.8 GHz Cortex A53','Snapdragon 865',8,'Adreno 650',128,0,'64 Mp + 12 Mp + 8 Mp + 2 Mp','F 1.8 + F 2.5 + F 2.3 + F 2.4',0,'32 Mp + 8 Mp','F 2.5 + F 2.2','4K',60,'Full HD',30,'Nano',1,1,'Sì',1,0,'LiPo',4200,0,0,'assets/smartphones-images/realme_x50_pro.jpg'),(47,13,'Mi 10T Lite 64',1,165.30,76.80,9.00,214.50,'No',6.67,'2400x1080',395,'IPS LCD',120,'Gorilla® Glass 5','2.2 GHz 8 Core','Snapdragon750G',6,'Adreno 619',64,0,'64 Mp + 8 Mp + 2 Mp + 2 Mp','F 1.89 + F 2.2 + F 2.4 + F 2.4',0,'16','F2.45','4K',30,'Full HD',30,'Nano',1,1,'Sì',1,1,'Litio',4800,0,0,'assets/smartphones-images/xiaomi_mi_10t_lite.png'),(48,13,'Mi 10T Lite 128',1,165.30,76.80,9.00,214.50,'No',6.67,'2400x1080',395,'IPS LCD',120,'Gorilla® Glass 5','2.2 GHz 8 Core','Snapdragon750G',6,'Adreno 619',128,0,'64 Mp + 8 Mp + 2 Mp + 2 Mp','F 1.89 + F 2.2 + F 2.4 + F 2.4',0,'16','F2.45','4K',30,'Full HD',30,'Nano',1,1,'Sì',1,1,'Litio',4800,0,0,'assets/smartphones-images/xiaomi_mi_10t_lite.png'),(49,13,'Mi 10T 6/128',1,165.10,76.40,9.30,216.00,'No',6.67,'2400x1080',403,'IPS LCD',144,'Gorilla® Glass 5','1x 2.84 GHz Cortex A77 + 3x 2.42 GHz Cortex A77 + 4x 1.8 GHz Cortex A53','Snapdragon865',6,'Adreno650',128,0,'64 Mp + 13 Mp + 5 Mp','F 1.9 + F 2.4 + F2.4',1,'20','F2.2','8K',30,'Full HD',30,'Nano',1,1,'No',1,0,'LiPo',5000,0,0,'assets/smartphones-images/xiaomi_mi_10t.png'),(50,13,'Mi 10T 8/128',1,165.10,76.40,9.30,216.00,'No',6.67,'2400x1080',403,'IPS LCD',144,'Gorilla® Glass 5','1x 2.84 GHz Cortex A77 + 3x 2.42 GHz Cortex A77 + 4x 1.8 GHz Cortex A53','Snapdragon865',8,'Adreno650',128,0,'64 Mp + 13 Mp + 5 Mp','F 1.9 + F 2.4 + F2.4',1,'20','F2.2','8K',30,'Full HD',30,'Nano',1,1,'No',1,0,'LiPo',5000,0,0,'assets/smartphones-images/xiaomi_mi_10t.png'),(53,13,'Redmi Note 9 3/64',1,162.30,77.20,8.90,199.00,'No',6.53,'2340x1080',394,'IPS LCD',60,'No','2x Cortex A75 2GHz + 6x Cortex A55 1.8GHz','MediaTeck Helio G85',3,'Mali-G52',64,1,'48 Mp + 8 Mp + 2 Mp + 2 Mp','F 1.79 + F 2.2',0,'13','F2.25','4K',30,'Full HD',30,'Nano',1,0,'Sì',1,1,'LiPo',5020,0,0,'assets/smartphones-images/xiaomi_redmi_note9.png'),(54,13,'Redmi Note 9 4/128',1,162.30,77.20,8.90,199.00,'No',6.53,'2340x1080',394,'IPS LCD',60,'No','2x Cortex A75 2GHz + 6x Cortex A55 1.8GHz','MediaTeck Helio G85',4,'Mali-G52',128,1,'48 Mp + 8 Mp + 2 Mp + 2 Mp','F 1.79 + F 2.2',0,'13','F2.25','4K',30,'Full HD',30,'Nano',1,0,'Sì',1,1,'LiPo',5020,0,0,'assets/smartphones-images/xiaomi_redmi_note9.png'),(55,13,'Redmi Note 9 Pro 6/64',1,165.80,76.70,8.80,209.00,'No',6.67,'2400x1080',409,'IPS LCD',60,'Gorilla® Glass 5','2x 2.3 GHz Kryo 465 Gold + 6x 1.8 GHz Kryo 465 Silver','Snapdragon 720G ',6,'Adreno 618',64,1,'64 Mp + 8 Mp + 5 Mp + 2 Mp','F 1.89 + F 2.2',0,'16','F2.48','4K',30,'Full HD',30,'Nano',1,0,'Sì',1,1,'LiPo',5020,0,0,'assets/smartphones-images/redmi_note9pro.jpg'),(56,13,'Redmi Note 9 Pro 6/128',1,165.80,76.70,8.80,209.00,'No',6.67,'2400x1080',409,'IPS LCD',60,'Gorilla® Glass 5','2x 2.3 GHz Kryo 465 Gold + 6x 1.8 GHz Kryo 465 Silver','Snapdragon 720G ',6,'Adreno 618',128,1,'64 Mp + 8 Mp + 5 Mp + 2 Mp','F 1.89 + F 2.2',0,'16','F2.48','4K',30,'Full HD',30,'Nano',1,0,'Sì',1,1,'LiPo',5020,0,0,'assets/smartphones-images/xiaomi_redmi_note9_pro.png'),(57,10,'Galaxy S20 FE',1,159.80,74.50,8.40,190.00,'Sì (IP68)',6.50,'1080 x 2400',407,'Dynamic AMOLED',120,'Gorilla® Glass 3','2x 2.73 GHz Mongoose M5 + 2x 2.4 GHz Cortex-A76 + 4x 1.9 GHz Cortex-A55','Exynos 990',6,'Mali-G77 MP11',128,1,'12 Mp + 12 Mp + 8 Mp','F 1.8 + F 2.2 + F 2.4',1,'32','F 2.2','4K',60,'4K',30,'Nano',1,0,'Sì',1,0,'LiPo',4500,1,0,'assets/smartphones-images/samsung_galaxy_s20_fe.jpg'),(58,10,'Galaxy S20',1,151.70,69.10,7.90,163.00,'Sì (IP68)',6.20,'1440 x 3200',563,'Dynamic AMOLED',120,'Gorilla® Glass 6','2x 2.73 GHz Mongoose M5 + 2x 2.4 GHz Cortex-A76 + 4x 1.9 GHz Cortex-A55','Exynos 990',8,'Mali-G77 MP11',128,1,'12 Mp + 64 Mp + 12 Mp','F 1.8 + F 2 + F 2.2',1,'10','F 2.2','8K',24,'4K',60,'Nano (+ eSIM)',1,0,'Sì',1,0,'LiPo',4000,1,0,'assets/smartphones-images/samsung_galaxy_s20.jpg'),(59,10,'Galaxy S20+',1,161.90,73.70,7.80,186.00,'Sì (IP68)',6.70,'1440 x 3200',525,'Dynamic AMOLED',120,'Gorilla® Glass 6','2x 2.73 GHz Mongoose M5 + 2x 2.4 GHz Cortex-A76 + 4x 1.9 GHz Cortex-A55','Exynos 990',8,'Mali-G77 MP11',128,1,'12 Mp + 64 Mp + 12 Mp','F 1.8 + F 2 + F 2.2',1,'10','F 2.2','8K',24,'4K',60,'Nano (+ eSIM)',1,0,'Sì',1,0,'LiPo',4500,1,0,'assets/smartphones-images/samsung_galaxy_s20_plus.jpg'),(60,10,'Galaxy S20 Ultra 5G',1,166.90,76.00,8.80,220.00,'Sì (IP68)',6.90,'1440 x 3200',511,'Dynamic AMOLED',120,'Gorilla® Glass 6','2x 2.73 GHz Mongoose M5 + 2x 2.4 GHz Cortex-A76 + 4x 1.9 GHz Cortex-A55','Exynos 990',12,'Mali-G77 MP11',128,1,'108 Mp + 48 Mp + 12 Mp','F 1.8 + F 3.5 + F 2.2',1,'40','F 2.2','8K',24,'4K',60,'Nano (+ eSIM)',1,1,'Sì',1,0,'LiPo',5000,1,0,'assets/smartphones-images/samsung_galaxy_s20_ultra_5g.jpg'),(61,10,'Galaxy Note 20',1,161.60,75.20,8.30,192.00,'Sì (IP68)',6.70,'1080 x 2400',394,'Super AMOLED Plus',60,'Gorilla® Glass 5','2x 2.73 GHz Mongoose M5 + 2x 2.5 GHz Cortex-A76 + 4x 2.0 GHz Cortex-A55','Exynos 990',8,'Mali-G77 MP11',256,0,'12 Mp + 64 Mp + 12 Mp','F 1.8 + F 2 + F 2.2',1,'10','F 2.2','8K',24,'4K',60,'Nano',1,0,'Sì',1,0,'LiPo',4300,1,1,'assets/smartphones-images/samsung_galaxy_note_20.jpg'),(62,10,'Galaxy Note 20 5G',1,161.60,75.20,8.30,192.00,'Sì (IP68)',6.70,'1080 x 2400',394,'Super AMOLED Plus',60,'Gorilla® Glass 5','2x 2.73 GHz Mongoose M5 + 2x 2.5 GHz Cortex-A76 + 4x 2.0 GHz Cortex-A55','Exynos 990',8,'Mali-G77 MP11',256,0,'12 Mp + 64 Mp + 12 Mp','F 1.8 + F 2 + F 2.2',1,'10','F 2.2','8K',24,'4K',60,'Nano',1,1,'Sì',1,0,'LiPo',4300,1,1,'assets/smartphones-images/samsung_galaxy_note_20_5g.jpg'),(63,10,'Galaxy Note 20 Ultra 5G',1,164.80,77.20,8.10,208.00,'Sì (IP68)',6.90,'1440 x 3200',496,'Dynamic AMOLED 2X',120,'Gorilla® Glass 7','2x 2.73 GHz Mongoose M5 + 2x 2.5 GHz Cortex-A76 + 4x 2.0 GHz Cortex-A55','Exynos 990',12,'Mali-G77 MP11',256,1,'108 Mp + 12 Mp + 12 Mp','F 1.8 + F 3 + F 2.2',1,'10','F 2.2','8K',24,'4K',60,'Nano',1,1,'Sì',1,0,'LiPo',4500,1,1,'assets/smartphones-images/samsung_galaxy_note_20_ultra_5g.jpg'),(64,10,'Galaxy Note 20 Ultra 5G',1,164.80,77.20,8.10,208.00,'Sì (IP68)',6.90,'1440 x 3200',496,'Dynamic AMOLED 2X',120,'Gorilla® Glass 7','2x 2.73 GHz Mongoose M5 + 2x 2.5 GHz Cortex-A76 + 4x 2.0 GHz Cortex-A55','Exynos 990',12,'Mali-G77 MP11',512,1,'108 Mp + 12 Mp + 12 Mp','F 1.8 + F 3 + F 2.2',1,'10','F 2.2','8K',24,'4K',60,'Nano',1,1,'Sì',1,0,'LiPo',4500,1,1,'assets/smartphones-images/samsung_galaxy_note_20_ultra_5g.jpg'),(65,10,'Galaxy Note 10',1,151.00,71.80,7.90,168.00,'Sì (IP68)',6.30,'1080 x 2280',401,'Dynamic AMOLED',60,'Gorilla® Glass 6','2x 2.73 GHz M4 + 2x 2.31 GHz Cortex-A75 + 4x 1.95 GHz Cortex-A55','Exynos 9825',8,'Mali-G76 MP12',128,0,'12 Mp + 12 Mp + 16 Mp','F 1.5-2.4 + F 2.1 + F 2.2',1,'10','F 2.2','4K',60,'4K',30,'Nano',1,1,'Sì',1,0,'Litio',3500,1,1,'assets/smartphones-images/samsung_galaxy_note_10.jpg'),(66,10,'Galaxy Note 10',1,151.00,71.80,7.90,168.00,'Sì (IP68)',6.30,'1080 x 2280',401,'Dynamic AMOLED',60,'Gorilla® Glass 6','2x 2.73 GHz M4 + 2x 2.31 GHz Cortex-A75 + 4x 1.95 GHz Cortex-A55','Exynos 9825',8,'Mali-G76 MP12',256,0,'12 Mp + 12 Mp + 16 Mp','F 1.5-2.4 + F 2.1 + F 2.2',1,'10','F 2.2','4K',60,'4K',30,'Nano',1,1,'Sì',1,0,'Litio',3500,1,1,'assets/smartphones-images/samsung_galaxy_note_10.jpg'),(67,10,'Galaxy Note 10+',1,162.30,77.20,7.90,196.00,'Sì (IP68)',6.80,'1440 x 3040',498,'Dynamic AMOLED',60,'Gorilla® Glass 6','2x 2.73 GHz M4 + 2x 2.31 GHz Cortex-A75 + 4x 1.95 GHz Cortex-A55','Exynos 9825',12,'Mali-G76 MP12',512,1,'12 Mp + 12 Mp + 16 Mp + 0.3 Mp','F 1.5-2.4 + F 2.1 + F 2.2',1,'10','F 2.2','4K',60,'4K',30,'Nano',1,0,'Sì',1,0,'Litio',4300,1,1,'assets/smartphones-images/samsung_galaxy_note_10_plus.jpg'),(68,10,'Galaxy Note 10 Lite',1,163.70,76.10,8.70,199.00,'No',6.70,'1080 x 2400',393,'Super AMOLED',60,'No','4x 2.7 GHz Mongoose M3 + 4x 1.7 GHz Cortex-A55','Exynos 9 Octa 9810',6,'Mali-G72 MP18',128,1,'12 Mp + 12 Mp + 12 Mp','F 1.7 + F 2.4 + F 2.2',1,'32','F 2.2','4K',30,'Full HD',30,'Nano',1,0,'Sì',1,1,'LiPo',4500,1,1,'assets/smartphones-images/samsung_galaxy_note_10_lite.jpg'),(69,10,'Galaxy S10 Lite',1,162.50,75.60,8.10,186.00,'No',6.70,'1080 x 2400',393,'Super AMOLED',60,'Gorilla® Glass 6','1x 2.84 GHz Kryo 485 + 3x 2.42 GHz Kryo 485 + 4x 1.8 GHz Kryo 485','Snapdragon 855',8,'Adreno 640',128,1,'48 Mp + 12 Mp + 5 Mp','F 2 + F 2.2 + F 2.4',1,'32','F 2.2','4K',60,'Full HD',30,'Nano',1,0,'Sì',1,0,'LiPo',4500,0,0,'assets/smartphones-images/samsung_galaxy_s10_lite.jpg'),(70,10,'Galaxy A71',1,163.60,76.00,7.70,179.00,'No',6.70,'1080 x 2400',393,'Super AMOLED',60,'Gorilla® Glass 3','2x 2.2 GHz Kyro 470 Gold + 6x 1.8 GHz Kyro 470 Silver','Snapdragon 730G',6,'Adreno 618',128,1,'64 Mp + 5 Mp + 5 Mp + 12 Mp','F 1.8 + F 2.2 + F 2.4 + F 2.2',0,'32','F 2.2','4K',30,'Full HD',30,'Nano',1,0,'Sì',1,1,'LiPo',4500,0,0,'assets/smartphones-images/samsung_galaxy_a71.jpg'),(71,10,'Galaxy A51',1,158.50,73.60,7.90,172.00,'No',6.50,'1080 x 2400',405,'Super AMOLED',60,'Gorilla® Glass 3','4x 2.3 GHz Cortex-A73 + 4x 1.7 GHz Cortex-A53','Exynos 9611',4,'Mali-G72 MP3',128,1,'48 Mp + 5 Mp + 12 Mp + 5 Mp','F 2 + F 2.4 + F 2.2 + F 2.2',0,'32','F 2.2','4K',30,'Full HD',30,'Nano',1,0,'Sì',1,1,'LiPo',4000,0,0,'assets/smartphones-images/samsung_galaxy_a51.jpg'),(73,10,'Galaxy A21s',1,163.70,75.30,8.90,192.00,'No',6.50,'720 x 1600',270,'LCD',60,'No','2 GHz Octa-Core','Exynos 850',3,'Mali-G52',128,1,'48 Mp + 8 Mp + 2 Mp + 2 Mp','F 2 + F 2.2 + F 2.4 + F 2.4',0,'13','F 2.2','Full HD',30,'Full HD',30,'Nano',1,0,'Sì',1,1,'LiPo',5000,0,0,'assets/smartphones-images/samsung_galaxy_a21s.jpg'),(74,10,'Galaxy M51',1,163.90,76.30,9.50,213.00,'No',6.70,'1080 x 2340',385,'Super AMOLED Plus',60,'Gorilla® Glass 3','2x 2.2 GHz Kryo 470 Gold + 6x 1.8 GHz Kryo 470 Silver','Snapdragon 730',6,'Adreno 618',128,1,'64 Mp + 12 Mp + 5 Mp + 5 Mp','F 1.8 + F 2.2 + F 2.4 + F 2.4',0,'32','F 2.0','4K',30,'Full HD',30,'Nano',1,0,'Sì',1,1,'LiPo',7000,0,0,'assets/smartphones-images/samsung_galaxy_m51.jpg'),(75,3,'Pixel 4A',1,144.00,69.40,8.20,143.00,'No',5.81,'1080 x 2340',443,'OLED',60,'Gorilla® Glass 3','2x 2.2 GHz Kyro 470 Gold + 6x 1.8 GHz Kyro 470 Silver','Snapdragon 730G',6,'Adreno 618',128,0,'12.2 Mp','F 1.7',1,'8','F 2.0','4K',30,'Full HD',30,'Nano (+ eSIM)',1,0,'Sì',1,1,'LiPo',3140,0,0,'assets/smartphones-images/google_pixel_4a.png'),(76,3,'Pixel 4A 5G',1,153.90,74.00,8.20,168.00,'No',6.20,'1080 x 2340',416,'OLED',60,'Gorilla® Glass 3','1x 2.4 GHz Kryo 475 Prime + 1x 2.2 GHz Kryo 475 Gold + 6x 1.8 GHz Kryo 475 Silver','Snapdragon 765G',6,'Adreno 620',128,0,'12.2 Mp + 16 Mp','F 1.7 + F 2.2',1,'8','F 2.0','4K',60,'Full HD',30,'Nano (+ eSIM)',1,1,'Sì',1,1,'LiPo',3885,0,0,'assets/smartphones-images/google_pixel_4a.png'),(77,7,'Nord',1,158.30,73.30,8.20,184.00,'No',6.44,'1080 x 2400',408,'Fluid AMOLED',90,'Gorilla® Glass 5','1x 2.4 GHz Kyro 475 Prime + 1x 2.2 GHz Kyro 475 Gold + 6x 1.8 GHz Kyro 475 Silver','Snapdragon 765G',8,'Adreno 620',128,0,'48 Mp + 8 Mp + 2 Mp + 5 Mp','F 1.75 + F 2.25 + F 2.4 + F 2.4',1,'32 Mp + 8 Mp','F 2.45 + F 2.45','4K',30,'4K',30,'Nano',1,1,'Sì',1,0,'LiPo',4115,0,0,'assets/smartphones-images/oneplus_nord.jpg'),(78,7,'8',1,160.20,72.90,8.00,180.00,'No',6.55,'1080 x 2400',402,'Fluid AMOLED',90,'Gorilla® Glass 5','1x 2.84 GHz Cortex A77 + 3x 2.42 GHz Cortex A77 + 4x 1.8 GHz Cortex A53','Snapdragon 865',8,'Adreno 650',128,0,'48 Mp + 16 Mp + 2 Mp','F 1.75 + F 2.2 + F 2.4',1,'16','F 2.45','4K',60,'Full HD',30,'Nano',1,1,'Sì',1,0,'LiPo',4300,0,0,'assets/smartphones-images/oneplus_8.png'),(79,7,'8 Pro',1,165.30,74.35,8.50,199.00,'Sì (IP68)',6.78,'1440 x 3168',513,'Fluid AMOLED',120,'Gorilla® Glass 5','1x 2.96 GHz Kryo 485 + 3x 2.42 GHz Kryo 485 + 4x 1.8 GHz Kryo 485','Snapdragon 865',12,'Adreno 650',256,0,'48 Mp + 8 Mp + 48 Mp + 5 Mp','F 1.78 + F 2.44 + F 2.2 + F 2.4',1,'16','F 2.45','4K',60,'Full HD',30,'Nano',1,1,'Sì',1,0,'LiPo',4510,1,0,'assets/smartphones-images/oneplus_8_pro.png'),(80,7,'8T',1,160.70,74.10,8.40,188.00,'No',6.55,'1080 x 2400',402,'Fluid AMOLED',120,'Gorilla® Glass 5','1x 2.84 GHz Cortex A77 + 3x 2.42 GHz Cortex A77 + 4x 1.8 GHz Cortex A53','Snapdragon 865',8,'Adreno 650',128,0,'48 Mp + 16 Mp + 5 Mp + 2 Mp','F 1.7 + F 2.2',1,'16','F 2.4','4K',60,'Full HD',30,'Nano',1,1,'Sì',1,0,'LiPo',4500,0,0,'assets/smartphones-images/oneplus_8t.png'),(81,5,'K61',1,164.50,77.50,8.40,190.00,'No',6.50,'1080 x 2340',396,'IPS LCD',60,'No','2.3 GHz Octa-Core','Mediatek MT6765',4,'PowerVR GE8320',128,1,'48 Mp + 8 Mp + 2 Mp + 5 Mp','F 1.8',0,'16','F 2.0','4K',30,'Full HD',30,'Nano',1,0,'Sì',1,1,'LiPo',4000,0,0,'assets/smartphones-images/lg_k61.jpg'),(82,5,'Velvet',1,167.10,74.00,8.25,180.00,'Sì (IP68)',6.80,'1080 x 2460',395,'OLED',60,'Gorilla® Glass 5','1x 2.4 GHz Kryo 475 Prime + 1x 2.2 GHz Kryo 475 Gold + 6x 1.8 GHz Kryo 475 Silver','Snapdragon 765G',6,'Adreno 620',128,1,'48 Mp + 8 Mp + 5 Mp','F 1.8 + F 2.2 + F 2.4',1,'16','F 1.9','4K',30,'Full HD',30,'Nano',1,1,'No',1,1,'LiPo',4300,1,0,'assets/smartphones-images/lg_velvet.png'),(83,4,'P Smart S',1,157.40,73.20,8.15,163.00,'No',6.30,'1080x2040',418,'OLED',60,'No','4x 2.2 GHz Cortex-A73 + 4x 1.7 GHz Cortex-A53','Snapdragon 865 Qualcomm SDM865',4,'Mali-G51 MP4',128,1,'48 Mp + 8 Mp + 2 Mp','F 1.8 + F 2.4 + F 2.4',1,'16','F 2.0','4K',30,'Full HD',30,'Nano',1,0,'Sì',1,1,'Litio',4000,0,0,'assets/smartphones-images/huawei_p_smart_s.jpg'),(84,4,'P Smart 2020',1,155.20,73.40,8.35,160.00,'No',6.21,'1080x2340',415,'IPS LCD',60,'No','4x 2.2 GHz Cortex-A73 + 4x 1.7 GHz Cortex-A53','Huawei HiSilicon Kirin 710F',4,'Mali-G51 MP4',128,1,'13 Mp + 2 Mp','F 1.8 ',1,'8','F 2.0','Full HD',30,'Full HD',30,'Nano',1,0,'Sì',1,1,'Litio',3400,0,0,'assets/smartphones-images/huawei_p_smart_2020.jpg'),(85,4,'P40 Lite',1,159.20,76.30,8.70,183.00,'No',6.40,'1080 x 2310',398,'IPS LCD',60,'No','2x 2.27 GHz Cortex-A76 + 6x 1.88 GHz Cortex-A55','Huawei HiSilicon Kirin 810',6,'Mali-G52',128,1,'48 Mp + 8 Mp + 2 Mp + 2 Mp','F 1.8 + F 2.4 + F 2.4 + F 2.4',1,'16','F 2.0','4K',30,'Full HD',30,'Nano',1,0,'Sì',1,1,'LiPo',4200,0,0,'assets/smartphones-images/huawei_p_40_lite.jpg'),(86,4,'P40 Pro',1,158.20,72.60,9.00,203.00,'Si (IP68)',6.58,'1200 x 2640',441,'OLED',90,'No','2x 2.86 GHz Cortex-A76 + 2x 2.36 GHz Cortex-A76 + 4x 1.95 GHz Cortex-A53','Huawei HiSilicon Kirin 990',8,'Mali-G76 MC16',256,1,'50 Mp + 12 Mp + 40 Mp + 2 Mp','F 1.9 + F 3.4 + F 1.8',1,'32','F 2.2','4K',30,'4K',60,'Nano',1,1,'Sì',1,0,'LiPo',4200,1,0,'assets/smartphones-images/huawei_p_40_pro.png'),(87,4,'P Smart Pro',1,163.10,77.20,8.80,206.00,'No',6.59,'1080 x 2340',391,'IPS LCD',60,'No','4x 2.2 GHz Cortex-A73 + 4x 1.7 GHz Cortex-A53','Huawei HiSilicon Kirin 710F',6,'Mali-G51 MP4',128,1,'48 Mp + 8 Mp + 2 Mp','F 1.8 + F 2.4 + F 2.4',1,'16','F 2.2','Full HD',30,'Full HD',30,'Nano',1,0,'Sì',1,0,'LiPo',4000,0,0,'assets/smartphones-images/huawei_p_smart_pro.jpg'),(88,4,'P40 Lite 5G',1,162.31,75.00,8.58,190.00,'No',6.50,'1080x2400',405,'IPS LCD',60,'No','1x 2.36 GHz Cortex-A76 + 3x 2.22 GHz Cortex-A76 + 4x 1.84 GHz Cortex-A55','Huawei HiSilicon Kirin 820',6,'Mali-G57 MP6',128,1,'64 Mp + 8 Mp + 2 Mp + 2 Mp','F 1.8 + F 2.4 + F 2.4 + F 2.4',1,'16','F 2.0','4K',30,'Full HD',30,'Nano',1,1,'Sì',1,1,'LiPo',4000,0,0,'assets/smartphones-images/huawei_p_40_lite.jpg'),(90,4,'P40',1,148.90,71.10,8.50,175.00,'No',6.10,'1200 x 2340',431,'OLED',60,'No','2x 2.86 GHz Cortex-A76 + 2x 2.36 GHz Cortex-A76 + 4x 1.95 GHz Cortex-A53','Huawei HiSilicon Kirin 990',8,'Mali-G76 MC16',128,1,'50 Mp + 8 Mp + 16 Mp','F 1.9 + F 2.4 + F 2.2',1,'32','F 2.2','4K',60,'4K',60,'Nano',1,1,'Sì',1,1,'LiPo',3800,0,0,'assets/smartphones-images/huawei_p_40.jpg'),(91,4,'Mate 40 Pro',1,162.90,75.50,9.10,212.00,'Si (IP68)',6.70,'1344 x 2772',456,'OLED',90,'No','1x 3.13 GHz Cortex-A77 + 3x 2.54 GHz Cortex-A77 + 4x 2.04 GHz Cortex-A55','Huawei HiSilicon Kirin 9000',8,'Mali-G78 MP24',256,1,'50 Mp + 20 Mp + 12 Mp','F 1.9 + F 1.8 + F 3.4',1,'13','F 2.4','4K',60,'4K',30,'Nano',1,1,'Sì',1,0,'LiPo',4400,1,0,'assets/smartphones-images/huawei_mate_40_pro.png'),(92,4,'Mate 30 Pro',1,158.10,73.10,8.80,198.00,'Si (IP68)',6.53,'1176 x 2400',409,'OLED',60,'Gorilla® Glass 6','2x 2.86 GHz Cortex-A76 + 2x 2.09 GHz Cortex-A76 + 4x 1.86 GHz Cortex-A55','Huawei HiSilicon Kirin 990',8,'Mali-G76 MP16',256,1,'40 Mp + 40 Mp + 8 Mp','F 1.8 + F 1.6 + F 2.4',1,'32','F 2.0','4K',30,'4K',30,'Nano',1,0,'Sì',1,0,'LiPo',4500,1,0,'assets/smartphones-images/huawei_mate_30_pro.png'),(93,4,'Mate Xs',1,161.30,146.20,11.00,300.00,'No',8.00,'2480 x 2200',414,'Flexible OLED',60,'No','2x 2.86 GHz Cortex-A76 + 2x 2.36 GHz Cortex-A76 + 4x 1.95 GHz Cortex-A55','Huawei HiSilicon Kirin 990',8,'Mali-G76 MP16',512,1,'40 Mp + 8 Mp + 16 Mp','F 1.8 + F 2.4 + F 2.2',1,'40 Mp + 8 Mp + 16 Mp','F 1.8 + F 2.4 + F 2.2','4K',30,'Full HD',30,'Nano',1,1,'Sì',1,0,'LIPo',4500,0,0,'assets/smartphones-images/huawei_mate_xs.jpg'),(94,4,'Y5P',1,146.50,70.94,8.35,144.00,'No',5.45,'720 x 1440',295,'TFT LCD',60,'No','4x 2.0 GHz Cortex-A53 + 4x 1.5 GHz Cortex-A53','Helio P22 MediaTek MT6762R',2,'PowerVR GE8320',32,1,'8 Mp','F 2.0',0,'5','F 2.2','Full HD',30,'Full HD',30,'Nano',1,0,'Sì',1,1,'LIPo',3020,0,0,'assets/smartphones-images/huawei_y5p.jpg'),(95,4,'Y6P',1,159.07,74.06,9.04,185.00,'No',6.30,'720 x 1600',278,'IPS LCD',60,'No','4x 2.0 GHz Cortex-A53 + 4x 1.5 GHz Cortex-A53','Helio P22 MediaTek MT6762R',3,'PowerVR GE8320',64,1,'13 Mp + 5 Mp + 2 Mp','F 1.8 + F 2.2 + F 2.4',0,'8','F 2.0','Full HD',30,'Full HD',30,'Nano',1,0,'Sì',1,1,'LIPo',5000,0,0,'assets/smartphones-images/huawei_y6p.jpg'),(96,8,'A52',1,162.00,75.50,8.90,192.00,'No',6.50,'1080 x 2400',404,'IPS LCD',60,'No','4x 2.0 GHz Kyro 260 + 4x 1.8 GHz Kyro 260','Snapdragon 665 Qualcomm SDM665',4,'Adreno 610',64,1,'12 Mp + 8 Mp + 2 Mp + 2 Mp','F 1.8 + F 2',0,'8','F 2.0','4K',30,'Full HD',30,'Nano',1,0,'Sì',1,1,'Litio',5000,0,0,'assets/smartphones-images/oppo_a52.jpg'),(97,8,'A72',1,162.00,75.50,8.90,192.00,'No',6.50,'1080 x 2400',405,'IPS LCD',60,'No','4x 2.0 GHz Kyro 260 + 4x 1.8 GHz Kyro 260','Snapdragon 665 Qualcomm SDM665',4,'Adreno 610',128,1,'48 Mp + 8 Mp + 2 Mp + 2 Mp','F 1.7 + F 2.2 + F 2.4 + F 2.4',0,'16','F 2.0','4K',30,'Full HD',30,'Nano',1,0,'Sì',1,1,'LIPo',5000,0,0,'assets/smartphones-images/oppo_a72.jpg'),(98,8,'Reno 4 Z',1,163.80,75.50,8.10,184.00,'No',6.57,'1080 x 2400',401,'LTPS LCD',120,'Gorilla® Glass 3','4x 2.0 GHz Cortex-A76 + 4x 2.0 GHz Cortex-A55','Dimensity 800 MediaTek MT6873',8,'Mali-G57 MC4',128,0,'48 Mp + 8 Mp + 2 Mp + 2 Mp','F 1.7 + F 2.2 + F 2.4 + F 2.4',1,'16','F 2 2 Mp F 2.4','4K',30,'Full HD',30,'Nano',1,1,'Sì',1,1,'LiPo',4000,1,0,'assets/smartphones-images/oppo_reno_4z.jpg'),(99,8,'Reno 4',1,159.30,74.00,7.80,183.00,'Si',6.40,'1080 x 2400',409,'AMOLED',60,'Gorilla® Glass ','1x 2.4 GHz Kryo 475 Prime + 1x 2.2 GHz Kryo 475 Gold + 6x 1.8 GHz Kryo 475 Silver','Snapdragon 765G Qualcomm SDM765',8,'Adreno 620',128,0,'48 Mp + 8 Mp + 2 Mp','F 1.7 + F 2.2 + F 2.4',1,'32','F 2.4 2 Mp F 2.4','4K',30,'Full HD',30,'Nano',1,1,'Sì',1,0,'LiPo',4020,0,0,'assets/smartphones-images/oppo_reno_4.jpg'),(100,8,'Find X2 Lite',1,160.30,74.30,8.36,180.00,'No',6.40,'1080 x 2400',408,'AMOLED',60,'No','1x2.4 GHz Kryo 475 Prime + 1x2.2 GHz Kryo 475 Gold + 6x1.8 GHz Kryo 475 Silver','Snapdragon 765G Qualcomm SDM765',8,'Andreno 620',128,0,'48 Mp + 8 Mp + 2 Mp + 2 Mp','F 1.7 + F 2.2 + F 2.4 + F 2.4',1,'32','F 2.0','4K',30,'Full HD',30,'Nano',1,1,'Sì',1,0,'LiPo',4025,0,0,'assets/smartphones-images/oppo_find_x2_lite.jpg'),(101,8,'Find X2 Pro',1,165.20,74.40,8.80,217.00,'Si (IP68)',6.70,'1440 x 3168',513,'OLED',120,'Gorilla® Glass 6','1x 2.84 GHz Kryo 585 + 3x 2.42 GHz Kryo 585 + 4x 1.80 GHz Kryo 585','Snapdragon 865 Qualcomm SDM865',12,'Adreno 650',512,0,'48 Mp + 48 Mp + 13 Mp','F 1.7 + F 2.2 + F 3',1,'32','F 2.4 ','4K',60,'Full HD',30,'Nano',1,1,'No',1,0,'LiPo',4260,0,1,'assets/smartphones-images/oppo_find_x2_pro.jpg');
/*!40000 ALTER TABLE `SMARTPHONES` ENABLE KEYS */;
UNLOCK TABLES;

--
-- Dumping routines for database 'bp4ydb'
--
/*!40103 SET TIME_ZONE=@OLD_TIME_ZONE */;

/*!40101 SET SQL_MODE=@OLD_SQL_MODE */;
/*!40014 SET FOREIGN_KEY_CHECKS=@OLD_FOREIGN_KEY_CHECKS */;
/*!40014 SET UNIQUE_CHECKS=@OLD_UNIQUE_CHECKS */;
/*!40101 SET CHARACTER_SET_CLIENT=@OLD_CHARACTER_SET_CLIENT */;
/*!40101 SET CHARACTER_SET_RESULTS=@OLD_CHARACTER_SET_RESULTS */;
/*!40101 SET COLLATION_CONNECTION=@OLD_COLLATION_CONNECTION */;
/*!40111 SET SQL_NOTES=@OLD_SQL_NOTES */;

-- Dump completed on 2021-02-01 16:35:36
